34200000,243300,100,T,O,0
34200000,243300,100,T,Q,0
34201000,243300,2874,N,O,0
34202000,244200,100,N,@,0
34208000,244100,100,T,@,0
34219000,243600,300,N,@,0
34219000,243600,100,T,F,0
34219000,243500,100,P,Q,0
34219000,243500,100,P,F,0
34245000,242700,100,N,@,0
34254000,242500,100,T,@,0
34254000,242500,100,T,@,0
34254000,242200,100,D,F,0
34255000,242400,100,Z,@,0
34255000,242400,100,J,@,0
34258000,242400,100,P,F,0
34258000,242500,100,Z,F,0
34258000,242200,100,N,@,0
34258000,242500,100,J,F,0
34271000,242500,100,N,@,0
34271000,242500,100,K,F,0
34277000,242500,100,N,F,0
34278000,242400,100,N,F,0
34295000,242200,100,N,F,0
34311000,242500,100,P,F,0
34311000,242500,100,T,F,0
34323000,242600,100,P,F,0
34401000,242700,300,N,@,0
34401000,242700,100,P,F,0
34478000,242600,100,N,@,0
34505000,242500,100,P,F,0
34540000,242500,100,T,@,0
34541000,242700,100,P,F,0
34575000,242300,100,D,@,0
34591000,242300,100,N,F,0
34821000,242000,100,P,F,0
34821000,242000,300,N,F,0
34821000,242300,100,N,F,0
34822000,241900,100,K,F,0
34823000,242300,100,P,F,0
34856000,241300,300,P,@,0
34856000,241200,100,P,@,0
34856000,241200,100,P,@,0
34856000,241600,100,T,F,0
34856000,241500,171,T,@,0
34856000,241200,200,N,F,0
34856000,241200,100,Z,F,0
34856000,241600,100,D,@,0
34865000,241500,100,N,F,0
34865000,241500,100,N,F,0
34866000,241600,100,Z,F,0
34866000,241500,200,N,F,0
34866000,241500,100,N,F,0
34866000,241500,200,N,F,0
34866000,241500,100,N,F,0
34866000,241600,100,N,@,0
34910000,242000,100,N,F,0
34910000,242100,100,P,F,0
34919000,242500,100,P,F,0
34965000,242400,100,T,F,0
35000000,242800,100,J,F,0
35000000,242800,100,J,F,0
35000000,242800,100,J,F,0
35000000,242800,100,J,F,0
35000000,242800,100,J,F,0
35000000,242800,117,J,F,0
35004000,242500,100,N,F,0
35009000,242500,100,N,F,0
35013000,242500,100,Z,@,0
35015000,242400,100,N,F,0
35020000,242400,100,P,F,0
35020000,242400,100,T,F,0
35020000,242400,100,T,F,0
35025000,242500,100,J,F,0
35025000,242500,100,J,F,0
35025000,242500,100,J,F,0
35025000,242500,100,J,F,0
35025000,242500,100,J,F,0
35025000,242500,100,J,F,0
35025000,242500,100,J,F,0
35025000,242500,100,J,F,0
35025000,242500,100,J,F,0
35025000,242500,100,J,F,0
35025000,242500,100,J,@,0
35025000,242500,100,J,F,0
35025000,242500,100,J,F,0
35025000,242500,100,J,F,0
35035000,242600,100,P,@,0
35044000,243000,100,P,F,0
35044000,243100,100,J,@,0
35044000,243100,100,J,F,0
35044000,243100,100,J,F,0
35044000,243100,100,J,F,0
35044000,243100,119,J,F,0
35044000,243100,100,J,F,0
35054000,242500,100,N,F,0
35054000,242500,100,J,F,0
35057000,242600,100,P,@,0
35057000,242700,100,P,F,0
35057000,242600,100,T,F,0
35057000,242600,100,T,@,0
35057000,242500,100,J,@,0
35065000,242500,100,J,F,0
35065000,242500,100,J,F,0
35065000,242500,100,J,F,0
35065000,242500,100,J,F,0
35065000,242500,100,J,F,0
35065000,242500,100,J,@,0
35065000,242500,100,J,@,0
35065000,242500,100,J,@,0
35072000,242600,100,J,@,0
35076000,242900,100,P,F,0
35076000,242900,100,N,F,0
35086000,242900,100,T,F,0
35089000,242900,100,J,F,0
35089000,242900,100,J,F,0
35089000,242900,100,J,F,0
35089000,242900,100,J,F,0
35089000,242900,100,J,F,0
35089000,242900,100,J,F,0
35094000,242800,100,J,F,0
35094000,242800,100,J,F,0
35094000,242800,100,J,F,0
35094000,242800,100,J,F,0
35094000,242800,100,J,@,0
35094000,242800,100,J,@,0
35095000,242800,100,J,F,0
35097000,242700,100,N,F,0
35108000,242600,100,J,F,0
35114000,242500,100,J,F,0
35114000,242500,100,J,F,0
35115000,242500,100,J,@,0
35116000,242500,100,J,F,0
35116000,242500,100,J,F,0
35116000,242500,100,J,F,0
35116000,242500,100,J,F,0
35116000,242500,100,J,F,0
35116000,242500,100,J,F,0
35116000,242500,100,J,F,0
35116000,242500,100,J,F,0
35118000,242500,100,J,@,0
35124000,242500,100,J,F,0
35124000,242400,100,J,F,0
35135000,242400,100,Z,F,0
35135000,242400,100,P,F,0
35149000,242800,100,Y,F,0
35182000,243200,100,N,F,0
35185000,243200,100,P,@,0
35189000,243300,100,J,F,0
35189000,243300,100,J,F,0
35189000,243300,100,J,F,0
35189000,243300,100,J,F,0
35189000,243300,100,J,F,0
35189000,243300,100,J,F,0
35189000,243300,100,J,F,0
35196000,243200,100,N,F,0
35196000,243200,100,N,F,0
35196000,243200,100,J,F,0
35201000,243200,100,P,@,0
35201000,243100,100,N,F,0
35206000,243100,100,N,F,0
35206000,243100,100,D,@,0
35209000,243100,100,N,F,0
35209000,243100,100,J,F,0
35215000,242900,100,Y,F,0
35217000,243000,100,P,F,0
35219000,243100,100,T,F,0
35220000,242900,100,Z,F,0
35227000,242900,100,J,F,0
35232000,242700,100,J,F,0
35232000,242700,100,J,F,0
35232000,242700,100,J,F,0
35232000,242700,100,J,F,0
35232000,242700,100,J,F,0
35232000,242700,100,J,F,0
35232000,242700,100,J,F,0
35248000,243000,100,J,@,0
35255000,243000,100,N,F,0
35260000,243000,100,P,F,0
35275000,242800,100,N,F,0
35288000,243200,100,J,@,0
35288000,243200,100,J,@,0
35294000,243100,100,J,@,0
35307000,243200,100,N,F,0
35307000,243300,100,P,@,0
35307000,243200,100,J,F,0
35307000,243200,100,N,F,0
35315000,242900,100,B,F,0
35315000,242900,100,T,F,0
35315000,242900,100,P,F,0
35315000,242900,100,N,F,0
35334000,242700,100,Y,F,0
35364000,242600,100,B,F,0
35364000,243000,100,T,@,0
35397000,243000,100,Z,@,0
35397000,243000,100,T,F,0
35400000,242600,100,B,F,0
35400000,243000,100,J,F,0
35412000,242500,100,B,F,0
35412000,243000,100,J,F,0
35412000,243000,100,Z,@,0
35415000,243000,100,N,@,0
35457000,242600,100,N,@,0
35501000,242400,100,P,F,0
35501000,242300,300,N,@,0
35501000,242400,100,K,F,0
35520000,242400,100,P,F,0
35524000,242400,100,N,F,0
35562000,242100,100,B,F,0
35564000,242100,100,D,@,0
35564000,241900,1247,D,@,0
35579000,242100,100,Z,@,0
35579000,242200,100,Y,@,0
35579000,242200,100,J,@,0
35579000,242200,100,Z,F,0
35594000,242500,128,N,F,0
35613000,242800,100,D,@,0
35613000,242800,100,D,@,0
35613000,242800,100,D,@,0
35613000,242800,300,D,@,0
35613000,242800,400,D,@,0
35680000,242600,100,N,@,0
35691000,242800,100,P,F,0
35725000,242800,100,N,@,0
35754000,242900,100,P,@,0
35754000,242900,100,J,@,0
35845000,242900,100,N,@,0
35863000,242800,100,Z,F,0
35863000,242900,100,Z,F,0
35863000,243100,100,Y,F,0
35884000,243100,100,J,F,0
35894000,243000,100,T,F,0
35894000,243500,100,T,F,0
35906000,242900,100,T,F,0
35906000,242900,100,Y,F,0
35906000,242900,100,K,F,0
35914000,243000,100,N,@,0
35921000,243000,100,T,F,0
35932000,242600,100,K,F,0
35932000,242400,100,T,F,0
35932000,242400,100,P,@,0
35932000,242600,100,N,F,0
36000000,243000,122,N,F,0
36000000,243000,178,N,F,0
36000000,243100,100,J,F,0
36053000,242600,100,J,F,0
36078000,242900,500,D,@,0
36234000,243000,100,Z,F,0
36248000,243000,100,J,@,0
36296000,242800,100,J,F,0
36296000,242800,100,N,F,0
36337000,242400,100,B,F,0
36340000,242800,100,N,F,0
36355000,242400,100,J,F,0
36355000,242400,100,P,F,0
36355000,242400,100,N,F,0
36355000,242000,100,P,F,0
36355000,242500,100,N,@,0
36356000,242000,100,P,@,0
36357000,242000,100,N,@,0
36357000,242000,100,N,F,0
36357000,242000,100,D,@,0
36556000,241800,100,T,F,0
36556000,241700,100,N,F,0
36556000,241900,100,P,F,0
36599000,241900,100,Z,@,0
36624000,241900,100,P,F,0
36634000,242000,100,B,F,0
36650000,241700,100,N,F,0
36726000,242200,148,N,F,0
36840000,241900,100,N,F,0
36928000,241800,100,D,@,0
37002000,241600,100,P,@,0
37002000,241600,100,N,@,0
37002000,241600,100,N,F,0
37002000,241600,100,N,F,0
37002000,241600,100,N,F,0
37002000,241500,100,N,F,0
37002000,241500,100,N,@,0
37005000,241400,100,N,@,0
37057000,241400,100,Z,@,0
37057000,241200,100,D,@,0
37140000,241300,100,D,@,0
37140000,241300,100,P,@,0
37140000,241500,100,N,F,0
37148000,241200,100,T,F,0
37148000,241100,100,N,F,0
37229000,241100,100,J,F,0
37235000,241300,100,N,@,0
37266000,241500,100,N,F,0
37356000,241600,100,N,F,0
37356000,241500,100,D,@,0
37391000,241500,100,N,F,0
37411000,241500,100,P,F,0
37425000,241700,100,Z,F,0
37441000,241700,100,Z,F,0
37622000,241900,100,D,@,0
37625000,241900,100,N,@,0
37626000,241900,100,K,F,0
37626000,242000,100,N,F,0
37635000,241800,100,N,F,0
37635000,241800,100,D,@,0
37644000,241800,100,T,@,0
37810000,242000,100,D,@,0
37826000,242000,100,N,F,0
37826000,242000,100,J,F,0
37829000,241800,100,N,F,0
37835000,241700,100,N,@,0
37840000,241700,100,K,@,0
37840000,241700,100,P,F,0
37846000,241900,100,P,F,0
37862000,241800,100,Z,@,0
37862000,241500,100,D,@,0
37877000,242100,300,N,F,0
37877000,242100,100,J,F,0
37877000,242100,100,N,F,0
37898000,242400,100,T,F,0
38019000,242200,477,D,@,0
38019000,242200,100,D,@,0
38046000,242400,100,P,F,0
38062000,242100,100,T,F,0
38062000,242100,100,P,F,0
38062000,242100,100,P,F,0
38062000,242100,100,J,F,0
38062000,242100,100,N,F,0
38062000,242100,100,Z,F,0
38062000,242000,100,N,F,0
38062000,242100,100,B,F,0
38062000,241800,100,B,@,0
38062000,241800,100,D,@,0
38062000,241800,100,N,@,0
38114000,241900,100,P,F,0
38145000,241700,100,J,F,0
38145000,241700,100,N,F,0
38145000,241700,100,N,F,0
38145000,241600,100,N,@,0
38147000,241700,100,Y,@,0
38147000,241400,100,D,@,0
38147000,241400,100,D,@,0
38173000,241300,100,N,F,0
38173000,241200,100,Z,F,0
38175000,241200,100,T,@,0
38175000,241100,100,Y,@,0
38194000,241200,100,P,F,0
38198000,241000,100,J,F,0
38227000,241000,100,N,F,0
38227000,240900,100,N,@,0
38228000,240900,100,D,@,0
38232000,241000,100,Z,F,0
38232000,241000,100,Z,F,0
38232000,241000,100,Y,F,0
38232000,241000,200,N,@,0
38232000,241000,100,N,F,0
38232000,241100,100,J,F,0
38232000,241100,100,J,F,0
38232000,241000,100,K,F,0
38232000,241000,100,N,F,0
38240000,241100,100,P,F,0
38252000,241200,100,K,F,0
38252000,241200,100,K,F,0
38252000,241200,100,D,@,0
38263000,241300,100,Y,F,0
38288000,241500,100,K,F,0
38288000,241500,100,K,F,0
38292000,241900,100,T,F,0
38303000,241500,100,Y,F,0
38321000,242000,100,N,F,0
38388000,241900,100,Z,F,0
38430000,241700,100,N,F,0
38430000,241700,100,D,@,0
38457000,241700,100,Y,F,0
38480000,241900,100,K,@,0
38480000,241900,100,K,F,0
38480000,241900,200,N,@,0
38480000,241900,100,K,@,0
38487000,242200,100,Z,@,0
38490000,242200,100,J,@,0
38490000,242200,100,J,@,0
38491000,242200,100,P,F,0
38532000,242200,100,N,F,0
38573000,242100,100,N,F,0
38575000,241900,100,P,F,0
38575000,241900,100,N,F,0
38575000,241900,176,N,F,0
38575000,241900,100,Z,F,0
38575000,241900,100,N,F,0
38575000,241700,100,N,F,0
38600000,241800,100,T,F,0
38603000,241600,100,N,F,0
38603000,241500,200,N,F,0
38603000,241500,100,Y,F,0
38603000,241500,100,N,F,0
38603000,241500,100,N,@,0
38603000,241500,100,N,F,0
38603000,241400,100,N,@,0
38624000,241700,100,D,F,0
38633000,241600,146,D,@,0
38633000,241400,100,Y,@,0
38642000,241700,100,P,F,0
38688000,241700,100,K,F,0
38691000,241400,100,P,@,0
38691000,241700,100,N,@,0
38691000,241700,100,N,F,0
38691000,241400,100,N,F,0
38691000,241300,100,D,@,0
38691000,241300,100,D,@,0
38709000,241300,100,N,F,0
38727000,241600,100,N,F,0
38730000,241300,100,J,@,0
38730000,241300,100,N,F,0
38730000,241300,100,P,@,0
38777000,241600,100,K,F,0
38805000,241600,100,T,F,0
38811000,241600,100,P,@,0
38811000,241600,100,K,@,0
38994000,241600,100,P,@,0
38994000,241600,100,K,@,0
38994000,241600,200,K,@,0
39052000,241400,100,K,F,0
39052000,241500,100,K,F,0
39064000,241500,100,B,F,0
39090000,241200,100,J,F,0
39120000,241300,100,Z,@,0
39120000,240800,100,J,@,0
39124000,241300,100,N,@,0
39135000,241000,100,T,@,0
39142000,240900,100,B,F,0
39226000,241300,100,T,F,0
39235000,241200,100,B,F,0
39265000,241000,100,N,F,0
39272000,241000,100,N,@,0
39288000,240700,100,P,F,0
39288000,240800,200,N,F,0
39288000,240400,100,T,F,0
39288000,240500,100,N,F,0
39288000,240400,100,B,@,0
39288000,240800,100,D,@,0
39288000,240400,100,N,F,0
39289000,240500,100,Y,F,0
39297000,240800,100,P,F,0
39297000,240700,100,N,F,0
39297000,240500,100,N,@,0
39297000,240500,200,D,@,0
39360000,240600,100,P,F,0
39360000,240600,100,K,F,0
39360000,240600,100,T,F,0
39360000,240600,100,K,F,0
39360000,240600,100,K,F,0
39360000,240600,100,K,F,0
39360000,240600,100,K,F,0
39360000,240600,100,K,F,0
39360000,240600,100,K,F,0
39360000,240600,100,T,F,0
39362000,240600,100,P,@,0
39365000,240900,300,P,F,0
39475000,240900,100,B,F,0
39475000,240900,100,J,F,0
39486000,240900,100,B,@,0
39486000,240700,100,Z,@,0
39486000,240700,100,N,F,0
39486000,240700,100,Y,F,0
39486000,240800,100,P,F,0
39486000,240600,100,B,F,0
39496000,240800,500,D,@,0
39496000,240800,100,T,@,0
39496000,240700,100,D,@,0
39506000,240800,100,K,F,0
39506000,240800,100,K,F,0
39506000,240800,100,K,F,0
39506000,240800,100,K,@,0
39506000,240800,100,D,@,0
39513000,240700,100,K,F,0
39514000,240700,100,T,@,0
39514000,240700,100,T,@,0
39514000,240800,100,D,@,0
39514000,240800,100,D,@,0
39514000,240800,300,D,@,0
39514000,240700,100,D,@,0
39514000,240700,500,D,@,0
39514000,240700,500,D,@,0
39516000,240700,100,T,@,0
39524000,240700,200,N,F,0
39524000,240700,100,K,F,0
39524000,240700,100,K,F,0
39524000,240700,100,K,F,0
39524000,240800,100,T,@,0
39524000,240700,100,D,@,0
39524000,240700,100,D,@,0
39524000,240700,100,D,@,0
39524000,240800,200,N,F,0
39524000,240700,100,D,@,0
39536000,240800,100,D,F,0
39536000,240800,100,T,@,0
39536000,240800,100,T,@,0
39536000,240800,500,D,@,0
39536000,240800,100,D,@,0
39536000,240800,300,D,@,0
39536000,240800,200,D,@,0
39536000,240800,500,D,@,0
39536000,240800,500,D,@,0
39536000,240800,500,D,@,0
39536000,240800,500,D,@,0
39536000,240800,200,D,F,0
39536000,240700,100,D,@,0
39536000,240700,100,D,@,0
39536000,240700,200,N,@,0
39537000,240800,100,J,@,0
39539000,240700,100,N,F,0
39542000,240800,100,T,@,0
39551000,240800,100,T,@,0
39558000,240800,100,D,@,0
39558000,240800,400,D,@,0
39558000,240800,200,D,@,0
39558000,240800,300,D,@,0
39558000,240800,500,D,@,0
39558000,240800,500,D,@,0
39558000,240800,200,D,F,0
39558000,240800,500,D,@,0
39558000,240800,500,D,@,0
39558000,240700,100,D,@,0
39558000,240800,200,T,@,0
39559000,240700,200,N,@,0
39559000,240700,100,T,F,0
39559000,240700,100,T,F,0
39559000,240800,200,J,F,0
39559000,240700,100,T,@,0
39559000,240800,100,Z,@,0
39559000,240800,100,Z,F,0
39559000,240700,100,T,F,0
39559000,240700,100,K,F,0
39559000,240700,100,N,@,0
39559000,240800,400,D,@,0
39559000,240800,100,D,@,0
39559000,240600,100,D,@,0
39559000,240800,100,T,@,0
39559000,240700,100,D,@,0
39559000,240700,100,J,F,0
39559000,240700,100,T,@,0
39559000,240800,100,Z,F,0
39559000,240800,100,J,F,0
39559000,240700,100,T,F,0
39559000,240700,100,T,F,0
39559000,240700,100,D,@,0
39559000,240700,100,D,@,0
39559000,240800,100,Z,F,0
39559000,240700,100,T,@,0
39559000,240700,100,N,F,0
39559000,240700,100,D,@,0
39559000,240800,200,N,F,0
39559000,240800,500,D,@,0
39559000,240800,500,D,@,0
39559000,240800,500,D,@,0
39559000,240800,100,T,F,0
39560000,240800,100,T,@,0
39560000,240700,100,T,F,0
39560000,240700,100,T,@,0
39560000,240700,100,T,@,0
39560000,240800,100,J,F,0
39560000,240700,100,T,F,0
39560000,240700,100,T,F,0
39560000,240800,100,J,F,0
39560000,240700,100,T,F,0
39560000,240700,100,T,F,0
39560000,240800,100,Z,F,0
39560000,240700,100,J,F,0
39560000,240700,100,D,@,0
39560000,240600,100,D,@,0
39561000,240800,100,D,F,0
39561000,240600,100,D,@,0
39562000,240600,100,D,@,0
39563000,240600,100,D,@,0
39564000,240600,100,N,F,0
39566000,240600,100,D,@,0
39569000,240800,100,Z,@,0
39571000,240800,100,P,F,0
39578000,240800,100,D,F,0
39579000,240800,100,D,F,0
39584000,240800,100,T,@,0
39584000,240700,100,D,@,0
39584000,240800,500,D,@,0
39584000,240800,400,D,@,0
39584000,240700,100,D,@,0
39584000,240800,100,D,@,0
39584000,240800,200,D,F,0
39586000,240800,100,N,F,0
39586000,240800,200,N,F,0
39586000,241000,100,T,@,0
39586000,241000,100,Z,@,0
39586000,240700,100,D,@,0
39586000,240700,100,D,@,0
39590000,241000,100,Z,@,0
39590000,241000,100,J,@,0
39590000,241000,100,J,@,0
39592000,240900,100,D,@,0
39592000,240700,100,D,@,0
39601000,240700,100,T,F,0
39601000,240700,100,Y,F,0
39601000,240800,100,D,F,0
39610000,240700,100,Z,@,0
39616000,240800,100,D,F,0
39625000,240700,100,N,F,0
39625000,240700,200,N,F,0
39625000,240700,100,D,@,0
39629000,240800,100,D,F,0
39630000,240700,100,T,@,0
39630000,240700,100,J,F,0
39631000,240600,100,T,F,0
39631000,240600,100,T,F,0
39631000,240600,100,T,@,0
39631000,240600,200,N,F,0
39631000,240700,100,Z,F,0
39631000,240600,100,K,F,0
39631000,240600,100,K,F,0
39631000,240600,100,K,F,0
39631000,240600,100,K,@,0
39632000,240500,100,N,F,0
39632000,240400,100,B,F,0
39632000,240400,100,P,F,0
39632000,240400,100,N,F,0
39632000,240400,100,K,F,0
39633000,240500,100,N,F,0
39633000,240500,100,N,F,0
39637000,240600,100,B,F,0
39647000,240400,100,P,F,0
39647000,240400,100,J,F,0
39652000,240400,400,D,@,0
39652000,240500,100,T,@,0
39652000,240500,100,D,@,0
39655000,240500,100,Z,F,0
39655000,240400,100,T,@,0
39655000,240500,100,J,F,0
39660000,240400,100,Z,@,0
39660000,240400,200,N,F,0
39660000,240500,100,J,F,0
39660000,240400,100,N,F,0
39660000,240400,100,N,F,0
39660000,240400,100,N,@,0
39661000,240500,100,D,F,0
39661000,240500,100,D,F,0
39673000,240300,100,B,F,0
39681000,240500,100,P,F,0
39682000,240600,100,D,F,0
39689000,240600,100,N,F,0
39689000,240300,100,T,F,0
39699000,240500,100,N,F,0
39724000,240500,100,D,@,0
39745000,240700,100,T,F,0
39745000,240700,100,T,F,0
39745000,240700,437,N,F,0
39745000,240700,200,N,F,0
39745000,240500,100,D,@,0
39750000,240900,100,P,F,0
39750000,240900,537,N,F,0
39750000,240700,100,D,@,0
39750000,241000,100,Z,@,0
39750000,241000,100,Z,@,0
39752000,241000,100,D,F,0
39755000,241000,100,D,F,0
39767000,241000,100,N,F,0
39767000,241100,168,T,@,0
39776000,241100,100,B,F,0
39776000,241100,100,D,F,0
39776000,241100,100,J,@,0
39792000,241100,100,B,F,0
39807000,241100,100,T,@,0
39807000,240900,100,D,@,0
39809000,241200,100,D,F,0
39812000,241000,100,D,@,0
39818000,241200,200,N,F,0
39847000,241200,100,N,F,0
39850000,241300,100,N,F,0
39851000,241300,200,N,F,0
39855000,241300,100,N,F,0
39875000,241200,100,B,F,0
39885000,241200,100,D,F,0
39890000,241200,100,T,F,0
39892000,241200,100,T,F,0
39896000,241400,100,P,F,0
39909000,241300,100,N,F,0
39916000,241500,100,J,@,0
39931000,241400,100,B,F,0
39936000,241400,100,B,F,0
39945000,241400,100,P,F,0
39947000,241400,100,T,F,0
39954000,241400,100,T,F,0
39959000,241400,100,B,F,0
39959000,241400,100,T,F,0
39959000,241300,100,P,@,0
39959000,241300,100,T,@,0
39959000,241300,100,Z,@,0
39959000,241300,100,T,F,0
39959000,241300,100,Z,F,0
39960000,241400,100,D,@,0
39960000,241300,100,N,F,0
39984000,241400,100,P,F,0
39988000,241500,100,P,F,0
39994000,241500,100,B,F,0
39997000,241200,100,B,F,0
39997000,241500,100,B,F,0
40018000,241500,100,T,F,0
40018000,241500,100,T,F,0
40018000,241600,200,N,F,0
40020000,241700,100,T,@,0
40020000,241700,500,D,@,0
40020000,241700,500,D,@,0
40020000,241700,500,D,@,0
40020000,241700,500,D,@,0
40020000,241700,500,D,@,0
40020000,241700,500,D,@,0
40020000,241700,100,P,F,0
40020000,241800,200,T,@,0
40020000,241800,100,Z,F,0
40020000,241800,100,J,F,0
40020000,241600,100,K,@,0
40028000,241900,100,P,F,0
40028000,241900,100,T,F,0
40031000,241900,200,T,F,0
40058000,241900,100,T,F,0
40058000,242000,100,Z,@,0
40060000,242200,100,J,@,0
40066000,241900,109,T,F,0
40066000,241700,125,N,F,0
40066000,242100,100,D,@,0
40067000,241700,200,N,@,0
40067000,242000,149,T,F,0
40067000,241700,200,N,F,0
40067000,241700,200,N,F,0
40067000,241700,149,N,@,0
40067000,241700,100,N,@,0
40067000,241700,100,Z,F,0
40071000,242100,100,P,F,0
40155000,241800,100,B,F,0
40185000,242100,100,T,@,0
40185000,242100,100,Z,@,0
40185000,242100,100,N,@,0
40209000,242400,100,K,F,0
40213000,242600,100,N,F,0
40234000,242600,100,N,@,0
40257000,242600,100,N,F,0
40261000,242500,100,J,F,0
40261000,242500,100,J,F,0
40262000,242600,100,B,@,0
40279000,242500,100,N,F,0
40282000,242600,100,T,@,0
40282000,242600,100,Z,@,0
40282000,242600,100,J,@,0
40282000,242600,100,N,F,0
40282000,242700,100,Z,@,0
40282000,242800,100,N,F,0
40282000,242600,400,D,@,0
40282000,242400,100,D,@,0
40282000,242600,100,N,F,0
40282000,242800,100,Y,F,0
40282000,242900,100,T,F,0
40295000,242900,100,K,@,0
40296000,242800,100,N,@,0
40306000,242900,200,N,F,0
40306000,242700,100,N,F,0
40342000,242700,200,N,F,0
40342000,242600,100,Y,F,0
40343000,243000,100,J,F,0
40343000,243000,100,J,@,0
40348000,242600,100,Y,F,0
40509000,242600,200,N,@,0
40509000,242800,100,P,F,0
40550000,242700,100,T,@,0
40670000,242400,100,Z,F,0
40670000,242500,100,T,@,0
40670000,242500,100,Y,F,0
40769000,242400,100,N,F,0
40833000,242300,200,N,F,0
40847000,242400,100,T,F,0
40847000,242400,100,T,F,0
40847000,242400,100,K,F,0
40852000,242600,100,T,F,0
40915000,242500,100,Z,@,0
40915000,242500,100,J,F,0
40915000,242500,100,N,F,0
40948000,242300,200,N,F,0
40948000,242300,100,J,F,0
40972000,242000,100,K,F,0
40972000,242100,100,K,F,0
41026000,241900,100,Z,@,0
41026000,241900,100,P,F,0
41033000,241800,100,N,F,0
41041000,241800,100,D,@,0
41041000,241700,100,Z,F,0
41041000,241700,100,Z,@,0
41051000,241700,100,J,F,0
41065000,241700,100,T,F,0
41107000,241600,100,J,F,0
41107000,241900,100,P,F,0
41107000,241600,100,J,F,0
41108000,241600,100,P,@,0
41108000,241600,300,N,@,0
41193000,241600,100,B,F,0
41198000,241500,100,J,@,0
41205000,241500,100,P,F,0
41214000,241600,100,Y,@,0
41214000,241600,100,N,F,0
41215000,241600,100,N,F,0
41215000,241900,100,N,F,0
41217000,241900,100,N,F,0
41304000,241800,100,T,F,0
41304000,241900,200,N,F,0
41309000,242100,100,N,F,0
41331000,241900,100,T,F,0
41336000,241700,100,K,F,0
41394000,242100,100,D,@,0
41427000,242100,200,N,@,0
41434000,242100,100,J,F,0
41459000,242000,200,N,F,0
41459000,242200,100,P,F,0
41463000,241800,100,Z,F,0
41536000,241700,100,D,@,0
41536000,241900,3172,D,@,0
41536000,241900,1200,D,@,0
41547000,242100,200,N,F,0
41564000,242000,100,Z,F,0
41564000,242000,100,Z,F,0
41564000,242100,100,K,F,0
41573000,242000,100,Z,@,0
41573000,242000,100,J,F,0
41577000,242000,100,N,@,0
41585000,242000,200,N,F,0
41590000,241800,100,Y,F,0
41590000,241900,100,J,F,0
41590000,241900,100,K,@,0
41590000,241800,100,N,F,0
41597000,241900,100,N,F,0
41597000,241900,100,N,F,0
41602000,241700,100,B,F,0
41605000,241900,200,Z,@,0
41642000,242100,100,T,F,0
41675000,242000,100,N,F,0
41704000,241700,100,B,F,0
41708000,241700,100,T,F,0
41714000,241900,133,N,F,0
41728000,241600,100,Z,F,0
41741000,241600,100,Z,F,0
41743000,241600,100,P,@,0
41743000,241600,100,Z,@,0
41743000,241600,200,N,@,0
41749000,241600,100,J,F,0
41754000,241300,100,Z,F,0
41758000,241500,200,N,@,0
41758000,241400,100,P,F,0
41762000,241300,100,N,F,0
41763000,241300,100,N,@,0
41766000,241200,100,B,F,0
41786000,241200,100,Z,F,0
41787000,241200,100,Z,F,0
41799000,241400,100,P,F,0
41805000,241500,100,D,@,0
41806000,241500,100,N,F,0
41807000,241200,100,T,F,0
41828000,241500,100,B,F,0
41829000,241200,100,Z,F,0
41831000,241500,100,B,F,0
41852000,241500,100,B,F,0
41862000,241500,100,D,@,0
41873000,241500,100,D,@,0
41882000,241500,100,D,@,0
41882000,241500,100,P,F,0
41903000,241400,100,P,F,0
41933000,241200,100,Z,F,0
41933000,241100,100,N,F,0
41933000,241100,100,Z,F,0
41933000,241400,100,P,F,0
41933000,241300,100,T,@,0
41938000,241600,100,T,F,0
41938000,241600,100,T,F,0
41938000,241600,100,T,F,0
41941000,241600,100,J,F,0
41960000,241600,100,N,F,0
41969000,241700,100,P,F,0
42026000,241600,100,N,F,0
42029000,241400,100,N,F,0
42111000,241700,100,N,F,0
42119000,241500,1185,D,@,0
42120000,242000,100,N,F,0
42124000,242000,100,N,F,0
42126000,242000,200,N,@,0
42146000,241800,100,T,@,0
42197000,241600,100,Z,F,0
42197000,241500,100,Z,F,0
42215000,241500,100,B,@,0
42215000,241500,100,N,F,0
42215000,241800,100,T,F,0
42235000,241500,100,B,F,0
42235000,241500,100,T,F,0
42235000,241500,100,K,F,0
42235000,241500,100,T,@,0
42235000,241500,100,T,@,0
42235000,241500,100,T,F,0
42235000,241500,100,T,F,0
42247000,241600,100,N,F,0
42256000,241400,300,N,F,0
42256000,241400,100,K,F,0
42261000,241700,100,B,F,0
42265000,241700,100,B,F,0
42302000,241500,100,D,F,0
42302000,241600,100,N,F,0
42328000,241400,100,P,F,0
42337000,241600,100,Z,F,0
42367000,241800,100,Z,F,0
42476000,242200,100,P,@,0
42476000,242200,100,P,@,0
42476000,242200,100,Y,@,0
42476000,242200,200,N,@,0
42477000,242200,100,N,F,0
42485000,242400,100,N,F,0
42596000,242400,400,N,F,0
42596000,242300,100,K,@,0
42596000,242400,100,P,F,0
42602000,242200,300,N,@,0
42610000,242500,100,N,F,0
42610000,242400,100,P,F,0
42610000,242400,100,P,F,0
42616000,242500,100,T,F,0
42616000,242400,400,D,@,0
42616000,242500,100,T,@,0
42616000,242500,100,T,@,0
42616000,242500,100,J,@,0
42625000,242600,100,Z,@,0
42635000,242600,100,J,@,0
42640000,242600,100,T,F,0
42673000,242600,100,K,F,0
42673000,242600,200,J,F,0
42673000,242600,100,J,F,0
42690000,242500,100,J,F,0
42906000,242800,100,N,@,0
42910000,242800,100,P,@,0
42910000,242800,371,T,@,0
42910000,242800,500,N,@,0
42910000,242900,100,Z,F,0
42982000,242900,100,P,@,0
42982000,242900,100,Z,@,0
42982000,242900,100,J,@,0
42982000,242900,100,J,@,0
43071000,242800,100,N,F,0
43152000,242700,100,T,@,0
43152000,242700,100,P,@,0
43152000,242700,232,N,@,0
43152000,242800,100,J,F,0
43289000,242700,100,T,F,0
43289000,242700,100,Z,F,0
43359000,242700,300,N,@,0
43359000,242900,100,N,F,0
43359000,242900,100,N,@,0
43360000,242600,100,B,F,0
43398000,242800,100,P,F,0
43432000,242600,100,N,@,0
43439000,242600,100,T,@,0
43439000,242600,200,N,@,0
43439000,242700,100,P,F,0
43439000,242600,100,J,F,0
43439000,242600,100,T,F,0
43440000,242600,100,T,F,0
43440000,242600,100,T,@,0
43475000,242500,100,P,@,0
43475000,242500,100,Z,@,0
43475000,242500,147,N,F,0
43481000,242400,100,P,@,0
43516000,242600,100,T,F,0
43686000,242300,100,N,@,0
43687000,242300,100,T,@,0
43690000,242200,100,N,F,0
43690000,242200,200,N,F,0
43690000,242100,100,N,F,0
43691000,242100,100,P,F,0
43709000,242000,100,Y,F,0
43779000,241900,400,N,@,0
43779000,242000,100,N,F,0
43831000,241800,100,N,@,0
43864000,241800,100,Z,@,0
43904000,241600,100,N,F,0
43963000,241700,100,T,F,0
43963000,241700,100,P,F,0
43963000,241700,200,N,F,0
43963000,241700,300,N,F,0
43963000,241700,100,K,@,0
43963000,241700,100,N,F,0
43963000,241800,100,P,F,0
43963000,241900,100,T,F,0
43963000,241900,100,K,F,0
43968000,242200,100,N,@,0
43972000,242500,100,T,F,0
43981000,242500,200,N,F,0
44036000,242500,100,T,F,0
44078000,242200,100,N,F,0
44078000,242200,200,N,F,0
44078000,242500,100,T,F,0
44133000,242200,100,N,@,0
44136000,242200,100,Z,F,0
44136000,242200,100,P,F,0
44136000,242200,100,K,F,0
44136000,242300,100,P,F,0
44217000,241900,100,Z,F,0
44285000,241800,100,T,F,0
44285000,241800,100,N,F,0
44285000,241800,200,N,F,0
44285000,241800,200,N,F,0
44285000,242000,100,P,F,0
44285000,241800,300,N,F,0
44285000,241800,100,J,F,0
44291000,241700,100,N,@,0
44297000,241700,100,T,@,0
44315000,241800,100,T,F,0
44315000,241800,108,B,F,0
44315000,241800,108,N,F,0
44315000,241800,192,N,F,0
44344000,241800,100,N,@,0
44359000,241800,100,N,@,0
44398000,241600,100,T,@,0
44446000,241400,100,P,F,0
44446000,241400,100,N,F,0
44446000,241400,100,N,F,0
44446000,241800,100,D,@,0
44456000,241600,100,T,@,0
44456000,241600,100,Z,@,0
44491000,241800,100,P,F,0
44635000,241800,100,T,@,0
44635000,241800,220,B,@,0
44635000,241800,800,N,@,0
44635000,241800,100,K,@,0
44636000,241900,100,Y,F,0
44654000,241800,100,J,F,0
44660000,241800,241,N,F,0
44696000,241700,100,Y,F,0
44713000,241800,100,N,F,0
44718000,241800,100,N,F,0
44718000,241700,100,N,F,0
44718000,241700,100,N,F,0
44718000,241900,100,P,F,0
44759000,241800,100,T,F,0
44775000,241600,100,Y,F,0
44775000,241600,100,N,F,0
44775000,241900,100,T,F,0
44852000,241700,100,T,F,0
44852000,241700,100,B,F,0
44852000,241800,100,T,F,0
44852000,241800,100,T,F,0
44852000,241800,100,T,F,0
44852000,241700,300,N,F,0
44852000,241700,100,K,F,0
44852000,241700,100,K,F,0
44893000,242000,100,T,F,0
44893000,242000,200,N,F,0
44897000,242000,250,D,@,0
44930000,242000,100,P,F,0
45001000,242000,372,N,F,0
45001000,242000,100,N,F,0
45006000,242000,300,N,F,0
45006000,242000,160,K,F,0
45010000,242000,100,N,@,0
45011000,242100,100,N,@,0
45011000,242000,100,P,F,0
45011000,241900,100,Y,F,0
45011000,241900,100,K,F,0
45011000,241900,100,K,F,0
45011000,242000,100,N,F,0
45011000,242000,100,N,F,0
45011000,242000,100,N,F,0
45016000,242100,200,N,F,0
45126000,241800,100,J,F,0
45128000,241800,100,T,@,0
45130000,241800,100,B,F,0
45131000,241900,100,N,@,0
45195000,241800,100,T,F,0
45199000,242000,100,P,F,0
45199000,242000,100,T,F,0
45199000,242000,100,T,F,0
45199000,242000,100,B,F,0
45199000,242000,100,Z,F,0
45199000,242000,218,B,F,0
45199000,242000,100,Z,F,0
45199000,242000,500,N,F,0
45199000,242000,100,T,F,0
45199000,242000,100,K,F,0
45204000,242200,100,T,F,0
45205000,242200,100,N,F,0
45243000,242400,500,D,@,0
45244000,242400,100,Z,F,0
45244000,242200,100,T,@,0
45244000,242400,100,Z,F,0
45244000,242400,100,J,F,0
45254000,242400,100,K,F,0
45327000,242700,100,B,F,0
45406000,242700,100,J,@,0
45406000,242700,100,D,@,0
45583000,242700,100,P,@,0
45583000,242700,300,N,@,0
45583000,242700,100,T,F,0
45583000,242800,100,N,F,0
45584000,242600,100,Y,F,0
45653000,242700,100,N,F,0
45653000,242700,200,N,F,0
45653000,242600,100,B,F,0
45653000,242700,200,N,F,0
45653000,242600,100,T,F,0
45677000,242700,100,T,F,0
45677000,242700,100,P,@,0
45677000,242700,101,P,F,0
45681000,242800,200,N,F,0
45696000,243000,200,D,@,0
45875000,243000,100,N,@,0
45894000,243000,100,P,@,0
45894000,243000,200,N,@,0
45894000,243000,100,K,F,0
45894000,243000,100,T,F,0
45931000,243100,100,Z,@,0
45936000,243000,100,N,@,0
45936000,243000,100,N,F,0
45976000,243100,200,N,F,0
46027000,242900,100,N,F,0
46111000,242800,100,D,4,0
46235000,243100,200,N,F,0
46235000,243100,100,T,F,0
46235000,243100,100,N,F,0
46235000,243100,100,P,F,0
46236000,243200,100,N,F,0
46236000,243200,100,K,F,0
46259000,243100,100,T,@,0
46376000,243100,100,N,F,0
46376000,243100,100,N,F,0
46376000,243100,100,N,F,0
46400000,243000,100,N,F,0
46400000,243000,100,N,F,0
46519000,243000,100,N,F,0
46520000,243000,100,T,@,0
46521000,243000,100,J,@,0
46562000,243000,100,N,F,0
46676000,243000,100,Z,@,0
46676000,242900,100,D,@,0
46688000,243000,100,J,@,0
46710000,243000,100,Z,@,0
46710000,243000,100,T,@,0
46742000,243000,100,T,@,0
46742000,242700,100,P,@,0
46768000,242800,100,N,@,0
46804000,242700,100,N,@,0
46831000,242700,100,K,@,0
46891000,243000,100,D,4,0
47063000,242700,100,P,F,0
47063000,242700,100,Z,F,0
47063000,242700,200,N,F,0
47063000,242900,100,J,F,0
47063000,242900,100,J,F,0
47063000,242700,100,K,F,0
47063000,242700,100,K,F,0
47067000,243000,100,P,F,0
47086000,243000,100,J,@,0
47086000,243100,100,B,@,0
47087000,242900,100,N,F,0
47102000,243000,100,T,F,0
47167000,242800,100,T,F,0
47167000,242800,200,N,F,0
47367000,243300,100,T,@,0
47367000,243300,100,N,@,0
47367000,243300,100,C,@,0
47410000,243400,100,N,@,0
47411000,243400,100,P,F,0
47421000,243300,100,N,@,0
47468000,243300,100,B,F,0
47468000,243300,100,P,@,0
47502000,243300,100,T,F,0
47505000,243300,100,Z,F,0
47505000,243300,100,Z,F,0
47505000,243300,100,Z,F,0
47505000,243300,100,Z,F,0
47505000,243300,100,Z,F,0
47505000,243300,100,Z,F,0
47505000,243300,100,Z,F,0
47505000,243300,100,Z,F,0
47505000,243300,100,Z,F,0
47505000,243300,100,P,@,0
47508000,243300,100,T,F,0
47513000,243400,100,N,@,0
47517000,243400,100,Z,F,0
47517000,243400,100,Z,F,0
47517000,243400,100,Z,F,0
47517000,243400,100,Z,F,0
47517000,243400,100,Z,F,0
47517000,243400,100,Z,F,0
47517000,243400,100,Z,F,0
47517000,243400,100,Z,F,0
47517000,243400,100,Z,@,0
47520000,243300,100,J,@,0
47531000,243300,200,N,@,0
47531000,243300,100,P,F,0
47537000,243200,100,Z,F,0
47537000,243200,100,Z,F,0
47537000,243200,100,Z,F,0
47544000,243200,100,N,@,0
47544000,243200,100,P,F,0
47544000,243200,100,P,F,0
47544000,243200,100,T,F,0
47544000,243200,100,T,F,0
47544000,243200,100,Z,F,0
47544000,243200,100,Z,F,0
47545000,243200,100,T,@,0
47553000,243300,100,Z,F,0
47553000,243300,100,P,@,0
47553000,243300,100,Z,@,0
47562000,243200,100,P,F,0
47562000,243200,100,P,F,0
47571000,243100,800,N,@,0
47645000,243300,100,Z,F,0
47645000,243300,100,P,F,0
47666000,243100,100,Z,@,0
47678000,243200,100,D,4,0
47710000,243100,100,N,@,0
47714000,243000,100,T,F,0
47718000,242900,100,N,@,0
47720000,243000,100,P,F,0
47721000,243100,100,T,F,0
47890000,243200,100,P,@,0
47890000,243200,100,T,@,0
47930000,243100,100,P,F,0
47930000,243100,100,J,F,0
47930000,243100,200,N,F,0
47930000,243100,100,P,F,0
47930000,243100,100,N,@,0
47936000,243000,100,B,@,0
47971000,243100,100,N,F,0
47971000,243100,100,N,F,0
47971000,243100,100,N,F,0
47989000,243200,100,J,F,0
48002000,243100,195,D,@,0
48060000,243000,100,B,F,0
48075000,243000,100,T,@,0
48075000,243000,100,Z,@,0
48096000,243000,100,N,F,0
48102000,243000,100,N,F,0
48102000,243000,100,T,F,0
48105000,243000,100,T,@,0
48106000,243000,100,K,F,0
48162000,243300,100,B,F,0
48376000,243100,100,N,@,0
48383000,242900,100,D,@,0
48411000,243100,100,D,@,0
48431000,243000,100,N,@,0
48431000,243000,100,Z,@,0
48449000,243000,100,Z,@,0
48509000,243000,100,N,@,0
48511000,243100,100,D,4,0
48546000,242900,100,T,F,0
48546000,242900,100,P,F,0
48569000,242800,100,N,@,0
48569000,242800,100,N,F,0
48569000,242800,100,T,F,0
48569000,242900,100,N,F,0
48606000,242500,100,D,@,0
48607000,242700,199,Z,@,0
48607000,242700,100,N,F,0
48643000,242800,100,T,F,0
48647000,242800,100,B,F,0
48661000,242700,100,Z,@,0
48685000,242600,100,N,F,0
48720000,242700,100,T,F,0
48740000,242500,100,T,F,0
48799000,242400,100,Z,F,0
48811000,242500,100,P,F,0
48811000,242500,100,J,F,0
48811000,242500,200,N,F,0
48811000,242500,100,N,F,0
48811000,242500,100,Z,F,0
48811000,242500,100,Z,F,0
48811000,242500,100,Z,F,0
48811000,242500,400,N,F,0
48811000,242500,200,N,@,0
48811000,242600,100,Z,F,0
48821000,242800,200,N,F,0
48861000,242900,100,T,F,0
48861000,243000,100,B,F,0
48961000,243000,100,N,@,0
48996000,243100,100,T,F,0
48996000,243100,100,N,F,0
48996000,243100,100,N,@,0
49018000,243000,200,N,F,0
49018000,243000,100,N,F,0
49018000,243000,200,K,F,0
49018000,243000,100,Z,F,0
49018000,242900,100,N,F,0
49018000,242900,100,Z,F,0
49018000,243000,100,Z,F,0
49018000,243000,100,T,F,0
49019000,243000,100,D,@,0
49019000,243100,100,D,@,0
49031000,243000,200,N,F,0
49048000,243000,100,P,F,0
49109000,242900,100,T,@,0
49109000,242900,100,P,@,0
49109000,242900,100,Z,@,0
49109000,243000,100,N,F,0
49109000,243000,100,N,F,0
49156000,243000,100,B,F,0
49159000,243000,100,T,F,0
49167000,242800,100,N,F,0
49167000,243000,100,N,F,0
49177000,242800,100,P,F,0
49190000,242800,100,K,F,0
49190000,242900,100,K,@,0
49190000,243000,400,D,@,0
49190000,243000,100,D,@,0
49191000,243000,100,J,@,0
49231000,242800,100,D,4,0
49240000,243000,200,N,F,0
49303000,243000,100,J,@,0
49400000,242700,100,D,F,0
49400000,242700,100,N,@,0
49407000,242700,100,D,@,0
49425000,243000,100,J,F,0
49429000,243000,100,T,F,0
49429000,243000,100,Z,F,0
49430000,243000,100,Z,F,0
49430000,242800,100,N,@,0
49430000,242800,100,N,F,0
49430000,242900,262,C,F,0
49441000,243000,100,J,@,0
49478000,243000,100,T,@,0
49478000,243100,102,B,F,0
49479000,242900,100,N,@,0
49483000,243000,100,T,@,0
49497000,243000,100,T,F,0
49497000,242900,100,N,@,0
49524000,243100,100,N,F,0
49566000,242800,126,N,F,0
49566000,242900,100,N,F,0
49583000,242800,100,T,@,0
49613000,242800,100,N,F,0
49699000,242700,100,N,@,0
49734000,242800,100,T,F,0
49734000,242900,100,N,F,0
49734000,242800,100,Z,F,0
49850000,243000,100,P,F,0
49951000,242900,100,D,4,0
49953000,242800,100,D,@,0
49976000,243000,100,D,@,0
49976000,243000,100,N,F,0
50004000,242800,100,N,F,0
50009000,242900,100,J,@,0
50009000,242900,100,N,F,0
50011000,242900,100,Z,@,0
50023000,243000,100,P,F,0
50063000,243000,100,Z,F,0
50066000,242900,100,K,F,0
50067000,242900,100,K,F,0
50117000,242800,100,N,@,0
50117000,243000,100,P,F,0
50131000,242800,100,N,@,0
50131000,242900,100,T,F,0
50131000,242800,200,N,F,0
50131000,242900,100,T,F,0
50131000,242800,100,T,F,0
50131000,242800,100,T,F,0
50131000,242700,100,D,@,0
50152000,242700,100,N,@,0
50156000,242700,100,Y,F,0
50158000,242700,100,N,F,0
50183000,242600,100,B,F,0
50184000,242600,100,K,F,0
50184000,242600,100,K,F,0
50184000,242600,100,K,F,0
50192000,242700,100,N,F,0
50212000,242600,100,N,F,0
50220000,242600,100,P,F,0
50242000,242500,100,N,F,0
50242000,242500,300,N,F,0
50242000,242500,100,N,F,0
50258000,242400,200,N,F,0
50262000,242300,100,T,F,0
50267000,242400,100,T,F,0
50272000,242400,100,T,F,0
50313000,242600,100,Z,F,0
50360000,242500,100,B,F,0
50376000,242600,100,P,F,0
50407000,242100,100,B,F,0
50407000,242100,100,P,@,0
50410000,242000,100,N,@,0
50416000,242100,100,C,@,0
50438000,242200,100,B,F,0
50485000,241900,100,B,@,0
50508000,242000,100,Z,F,0
50544000,242400,100,B,F,0
50614000,242400,100,P,@,0
50614000,242400,100,T,@,0
50614000,242400,111,B,@,0
50614000,242400,500,N,@,0
50614000,242400,300,K,@,0
50614000,242400,100,J,@,0
50614000,242400,100,K,F,0
50614000,242400,100,K,F,0
50651000,242700,100,N,F,0
50671000,242500,100,D,4,0
50678000,242900,100,B,F,0
50680000,242900,100,N,F,0
50681000,242900,100,T,F,0
50688000,242800,200,N,F,0
50691000,242900,100,Z,F,0
50691000,242800,200,K,F,0
50705000,242800,100,N,F,0
50705000,242800,100,J,F,0
50705000,242800,100,Z,@,0
50705000,242800,100,J,@,0
50705000,242800,100,N,F,0
50705000,242900,100,T,@,0
50712000,242800,100,D,@,0
50719000,243000,100,J,@,0
50721000,242800,100,T,F,0
50722000,242800,100,T,@,0
50722000,242700,100,D,@,0
50729000,242700,100,Y,F,0
50735000,242900,100,N,@,0
50738000,242600,600,D,@,0
50749000,242800,200,T,@,0
50749000,242600,400,D,@,0
50754000,242800,163,T,@,0
50756000,242600,500,D,@,0
50756000,242800,200,T,F,0
50763000,242800,300,T,F,0
50763000,242900,100,T,F,0
50771000,242700,200,D,@,0
50771000,242900,100,P,F,0
50772000,242800,200,T,@,0
50780000,242700,200,D,@,0
50780000,242900,100,N,F,0
50792000,242700,100,D,@,0
50792000,242800,100,D,@,0
50800000,242900,200,N,F,0
50800000,242800,100,N,@,0
50801000,242600,115,D,@,0
50813000,242700,100,T,F,0
50813000,242700,100,T,@,0
50816000,242800,100,T,F,0
50835000,242700,411,D,@,0
50867000,242800,100,D,@,0
50870000,242900,100,K,F,0
50896000,242900,100,D,F,0
50896000,242900,100,T,F,0
50896000,242900,100,K,F,0
50900000,242900,100,K,F,0
50915000,242900,500,K,F,0
50915000,242900,200,K,F,0
50915000,242900,200,K,F,0
50915000,242900,120,K,F,0
50915000,242900,200,K,F,0
50915000,242900,173,K,F,0
50915000,242900,173,K,F,0
50915000,242900,171,K,F,0
50915000,242900,100,K,F,0
50918000,243000,100,Z,F,0
50918000,243000,200,K,F,0
50918000,243000,200,K,F,0
50918000,243000,200,K,F,0
50918000,243000,200,K,F,0
50919000,243000,129,K,F,0
50919000,243000,171,K,F,0
50920000,243000,100,K,F,0
50920000,243000,100,K,F,0
50920000,243000,100,K,F,0
50920000,243000,100,K,F,0
50929000,243000,100,K,@,0
50940000,242800,100,N,@,0
50953000,242800,169,D,@,0
50976000,242900,100,Z,F,0
50997000,243100,100,D,@,0
51016000,243000,100,Z,@,0
51026000,243100,100,J,F,0
51033000,243100,100,T,F,0
51033000,243100,300,N,F,0
51033000,243100,100,Z,F,0
51034000,243100,400,N,@,0
51035000,243400,167,N,F,0
51036000,243100,100,B,@,0
51036000,243100,100,Y,@,0
51036000,243100,100,D,@,0
51036000,243100,100,P,F,0
51036000,243100,300,N,F,0
51036000,243100,100,T,F,0
51036000,243100,100,D,@,0
51036000,243100,100,D,@,0
51036000,243200,100,J,@,0
51066000,243300,100,B,F,0
51066000,243200,200,N,F,0
51071000,243200,100,B,F,0
51106000,243200,100,N,@,0
51123000,243200,100,T,@,0
51147000,243300,100,Z,F,0
51160000,243300,100,P,F,0
51197000,243700,100,Y,F,0
51197000,243700,100,N,F,0
51210000,243700,100,Z,F,0
51221000,243700,100,N,@,0
51228000,243600,100,K,F,0
51267000,243500,100,N,F,0
51271000,243700,100,D,@,0
51271000,242900,100,D,4,0
51363000,243300,100,P,F,0
51363000,243300,100,P,F,0
51363000,243300,100,K,F,0
51363000,243300,100,K,F,0
51363000,243200,100,P,F,0
51363000,243100,100,K,F,0
51416000,243300,165,D,@,0
51421000,243300,100,T,@,0
51421000,243300,300,N,@,0
51421000,243300,100,Z,@,0
51421000,243400,100,N,F,0
51465000,243300,102,D,@,0
51465000,243300,102,D,@,0
51470000,243300,100,T,F,0
51470000,243300,200,N,F,0
51471000,243300,100,D,@,0
51471000,243300,100,D,F,0
51471000,243300,100,C,@,0
51471000,243300,100,N,F,0
51478000,243300,100,T,F,0
51485000,243300,100,T,F,0
51485000,243300,100,D,F,0
51485000,243300,100,C,@,0
51489000,243700,100,K,F,0
51489000,243800,100,N,F,0
51490000,243900,100,N,F,0
51491000,243900,100,N,@,0
51491000,243900,100,Z,@,0
51491000,243900,187,Z,@,0
51491000,243900,100,D,@,0
51494000,244100,100,K,F,0
51497000,244100,100,K,F,0
51510000,243900,105,N,F,0
51510000,244000,100,B,F,0
51517000,244000,185,D,@,0
51535000,243800,100,J,@,0
51535000,243800,100,P,@,0
51535000,243800,100,N,@,0
51535000,243800,100,Z,@,0
51535000,243800,100,D,@,0
51535000,243800,100,N,F,0
51535000,243800,300,N,F,0
51564000,243700,200,N,F,0
51565000,243600,100,N,F,0
51565000,243600,100,N,F,0
51565000,243500,100,T,F,0
51565000,243300,100,B,F,0
51638000,243100,100,P,@,0
51652000,243300,100,B,F,0
51716000,243100,129,D,@,0
51726000,243100,160,N,F,0
51726000,243100,100,Z,F,0
51726000,243100,100,Z,F,0
51726000,243000,100,P,F,0
51735000,243200,100,D,F,0
51735000,243200,100,D,@,0
51743000,243000,100,N,F,0
51756000,243000,200,N,@,0
51756000,242800,100,T,F,0
51756000,242800,100,Z,F,0
51756000,242800,100,J,F,0
51756000,242800,100,D,F,0
51756000,242800,100,T,F,0
51784000,243000,100,T,F,0
51784000,242900,100,T,F,0
51814000,242900,100,Z,F,0
51814000,242900,100,K,F,0
51815000,243000,200,N,F,0
51815000,243000,100,P,F,0
51815000,243000,100,P,F,0
51815000,243000,100,D,@,0
51815000,243000,200,N,@,0
51815000,243000,100,K,@,0
51871000,243400,100,D,4,0
51939000,243100,100,D,@,0
51975000,243000,100,T,F,0
51999000,243000,500,D,@,0
51999000,243000,100,T,@,0
51999000,243000,100,Z,@,0
52011000,242900,100,B,@,0
52056000,243200,100,J,F,0
52087000,243200,100,B,F,0
52092000,243200,100,N,F,0
52111000,243200,100,N,F,0
52160000,243100,100,P,F,0
52160000,243200,100,D,@,0
52218000,243000,100,B,F,0
52243000,243200,100,T,F,0
52243000,243200,100,T,F,0
52243000,243200,100,T,F,0
52243000,243200,198,N,F,0
52243000,243200,280,N,F,0
52243000,243300,100,P,F,0
52243000,243200,100,N,@,0
52243000,243200,100,Z,F,0
52249000,243400,100,J,F,0
52269000,243500,100,N,F,0
52273000,243300,100,T,@,0
52349000,243500,100,D,@,0
52349000,243300,100,B,@,0
52353000,243400,100,N,F,0
52370000,243300,100,D,@,0
52370000,243300,100,D,@,0
52370000,243300,100,B,@,0
52388000,243300,100,K,@,0
52425000,243300,100,D,@,0
52425000,243300,100,D,@,0
52462000,243400,100,T,F,0
52462000,243400,200,N,F,0
52462000,243300,130,B,F,0
52462000,243300,100,K,F,0
52462000,243300,100,P,F,0
52462000,243300,100,P,F,0
52462000,243300,100,P,F,0
52462000,243300,100,P,F,0
52471000,243100,100,D,@,0
52471000,243200,100,D,4,0
52473000,243200,100,N,F,0
52473000,243100,100,T,F,0
52473000,243100,100,K,F,0
52473000,243100,100,K,F,0
52508000,243200,100,B,F,0
52508000,243200,200,N,F,0
52508000,243200,100,Z,F,0
52508000,243300,162,N,F,0
52508000,243200,100,P,F,0
52508000,243300,100,K,F,0
52516000,243400,100,T,F,0
52526000,243200,100,B,@,0
52530000,243200,100,D,@,0
52530000,243200,100,B,@,0
52531000,243300,100,C,F,0
52531000,243300,100,D,F,0
52533000,243300,100,T,F,0
52533000,243300,100,N,@,0
52575000,243200,100,J,@,0
52614000,243200,100,P,@,0
52614000,243200,100,T,@,0
52614000,243200,100,P,@,0
52614000,243200,100,T,@,0
52614000,243200,200,N,@,0
52635000,243000,100,N,@,0
52657000,243200,300,N,F,0
52657000,243200,100,T,F,0
52657000,243200,100,T,@,0
52657000,243300,200,N,F,0
52663000,243400,100,T,F,0
52711000,243100,100,D,@,0
52783000,243100,100,K,@,0
52795000,243100,100,N,F,0
52795000,243100,500,N,F,0
52795000,243100,200,T,F,0
52795000,243100,100,P,F,0
52795000,243100,100,K,F,0
52795000,243100,200,K,F,0
52807000,243100,200,N,F,0
52821000,243100,100,T,@,0
52871000,243000,200,J,@,0
52892000,243100,100,T,F,0
52892000,243100,100,K,F,0
52892000,243200,100,N,F,0
52907000,243200,100,D,@,0
52927000,243400,100,B,F,0
52940000,243200,100,T,F,0
52946000,243300,100,J,F,0
52946000,243300,100,P,@,0
52946000,243300,200,N,@,0
53029000,243300,100,T,F,0
53031000,243500,100,B,@,0
53071000,243200,100,D,4,0
53072000,243500,100,B,F,0
53095000,243500,100,P,@,0
53095000,243500,100,T,@,0
53099000,243400,100,T,@,0
53101000,243500,100,P,F,0
53101000,243500,100,T,F,0
53101000,243500,100,T,@,0
53101000,243500,100,T,F,0
53101000,243500,100,P,@,0
53125000,243800,100,T,F,0
53132000,244000,100,P,F,0
53132000,244100,100,B,@,0
53174000,244000,100,B,F,0
53174000,244000,100,D,@,0
53196000,244000,100,B,F,0
53196000,243900,100,N,@,0
53209000,243800,100,B,@,0
53219000,243800,180,N,F,0
53219000,243700,100,Y,F,0
53219000,243700,100,T,F,0
53219000,243700,100,P,F,0
53219000,243700,100,N,F,0
53219000,243700,100,B,F,0
53219000,243700,100,B,F,0
53219000,243700,100,B,F,0
53219000,243700,100,B,F,0
53219000,243700,100,B,F,0
53219000,243700,100,B,F,0
53219000,243700,100,B,F,0
53219000,243700,100,B,F,0
53219000,243700,100,B,F,0
53219000,243900,100,D,@,0
53219000,243900,100,D,@,0
53219000,243900,100,D,@,0
53219000,243900,100,D,@,0
53219000,243900,100,D,@,0
53219000,243900,100,D,@,0
53219000,243900,100,D,@,0
53219000,243900,100,D,@,0
53219000,243900,100,D,@,0
53219000,243900,100,D,@,0
53219000,243900,100,D,@,0
53219000,243700,100,P,@,0
53220000,243800,100,D,@,0
53275000,243800,100,D,@,0
53275000,243600,100,B,@,0
53322000,243700,100,T,F,0
53322000,243700,200,N,F,0
53322000,243700,173,N,F,0
53322000,243800,100,T,F,0
53322000,243800,100,P,F,0
53322000,243900,100,Z,F,0
53347000,243800,100,N,F,0
53356000,243800,100,B,F,0
53356000,243800,100,Y,F,0
53356000,243800,173,N,F,0
53356000,243700,100,T,F,0
53356000,243700,173,N,F,0
53356000,243700,200,N,F,0
53356000,243800,100,J,F,0
53357000,243700,100,B,F,0
53357000,243800,100,D,@,0
53357000,243900,100,D,@,0
53357000,243900,100,D,@,0
53357000,243900,100,D,@,0
53374000,243600,100,B,@,0
53374000,243600,200,N,@,0
53403000,243700,100,Y,F,0
53404000,243600,100,D,@,0
53436000,243900,100,J,@,0
53452000,243600,100,P,@,0
53459000,243500,100,P,F,0
53462000,243500,100,Z,@,0
53462000,243500,600,N,@,0
53478000,243500,100,N,F,0
53489000,243300,100,N,F,0
53518000,243200,100,T,@,0
53518000,243200,200,N,@,0
53518000,243200,100,K,F,0
53519000,243200,100,D,@,0
53527000,243100,100,D,@,0
53605000,243100,100,Z,F,0
53605000,243100,100,K,F,0
53605000,243100,200,K,F,0
53605000,243200,100,D,@,0
53619000,243100,100,N,F,0
53619000,243100,100,N,F,0
53640000,243100,100,Z,F,0
53646000,243100,100,N,F,0
53646000,243100,100,N,F,0
53659000,243100,100,K,F,0
53672000,243600,100,D,4,0
53727000,243000,100,B,@,0
53727000,243000,100,D,@,0
53751000,243100,100,D,F,0
53751000,243100,100,C,@,0
53763000,243100,100,B,F,0
53763000,243100,100,T,F,0
53763000,243100,100,P,F,0
53763000,243100,100,D,@,0
53763000,243200,189,N,F,0
53768000,243400,100,B,F,0
53774000,243200,100,J,F,0
53774000,243200,200,N,F,0
53774000,243200,100,K,F,0
53792000,243300,482,N,@,0
53792000,243400,100,J,F,0
53792000,243400,100,D,F,0
53925000,243200,100,K,@,0
53926000,243200,200,N,F,0
53926000,243200,100,N,F,0
53926000,243100,100,Y,F,0
53926000,243100,100,T,F,0
53926000,243100,100,N,F,0
53926000,243000,100,B,F,0
53926000,243000,100,B,F,0
53926000,243200,100,K,F,0
53927000,243100,100,N,F,0
53927000,243300,100,D,@,0
53927000,243300,100,D,@,0
53938000,243100,100,P,@,0
53938000,243100,100,T,@,0
53938000,243100,100,T,@,0
53938000,243100,200,N,@,0
53938000,243200,100,N,F,0
53938000,243100,100,K,F,0
53938000,243100,100,N,@,0
53941000,243300,100,K,F,0
53945000,243400,100,D,@,0
53983000,243400,100,D,F,0
53985000,243200,100,N,@,0
53987000,243400,100,D,@,0
53993000,243100,100,T,F,0
53993000,243200,100,T,F,0
53999000,243200,100,T,F,0
53999000,243200,200,N,@,0
54002000,243300,100,D,@,0
54007000,243200,100,P,F,0
54012000,243300,100,Y,F,0
54012000,243300,100,K,F,0
54012000,243300,100,K,F,0
54012000,243300,100,P,F,0
54012000,243300,200,P,F,0
54012000,243300,100,P,F,0
54012000,243300,100,P,F,0
54012000,243400,100,N,F,0
54012000,243400,100,T,F,0
54012000,243400,100,N,F,0
54012000,243400,200,N,@,0
54013000,243600,100,T,F,0
54013000,243600,100,N,F,0
54013000,243600,100,K,F,0
54015000,243700,200,N,F,0
54016000,243600,100,B,F,0
54017000,243700,100,Y,F,0
54017000,243700,100,N,F,0
54019000,243800,100,N,F,0
54021000,243800,200,D,@,0
54021000,243800,100,D,@,0
54024000,243800,100,N,F,0
54024000,243700,100,Y,F,0
54024000,243700,100,P,F,0
54024000,243700,100,Z,F,0
54024000,243700,100,J,F,0
54024000,243700,100,Z,F,0
54024000,243600,100,Y,F,0
54028000,243800,100,D,@,0
54032000,243800,100,B,F,0
54040000,243700,100,Z,F,0
54040000,243700,100,T,F,0
54040000,243700,100,Z,F,0
54042000,243900,100,N,F,0
54047000,243900,100,N,@,0
54055000,243900,100,D,@,0
54056000,243800,100,D,@,0
54076000,243700,100,B,@,0
54076000,243700,100,B,@,0
54096000,243700,100,B,@,0
54096000,243700,100,Y,@,0
54096000,243700,100,Y,@,0
54097000,243700,200,T,@,0
54097000,243700,100,T,@,0
54097000,243700,109,N,@,0
54097000,243700,100,N,@,0
54101000,243700,100,T,@,0
54101000,243700,100,P,F,0
54101000,243700,100,Z,F,0
54101000,243600,100,T,F,0
54101000,243500,100,B,F,0
54101000,243700,100,D,@,0
54143000,243400,100,P,F,0
54143000,243400,100,N,F,0
54143000,243400,100,Y,F,0
54143000,243200,100,N,F,0
54143000,243200,100,P,@,0
54143000,243200,200,N,@,0
54144000,243200,100,N,@,0
54144000,243000,100,B,F,0
54164000,243000,100,T,F,0
54164000,243000,100,T,@,0
54164000,243000,200,N,@,0
54190000,243100,100,T,F,0
54190000,243100,100,Z,F,0
54190000,243100,100,N,F,0
54190000,243200,100,P,F,0
54190000,243100,100,K,F,0
54190000,243000,100,D,@,0
54191000,243100,100,N,@,0
54212000,243400,100,B,F,0
54257000,243100,100,D,@,0
54268000,243100,100,Y,@,0
54268000,243100,100,Y,@,0
54268000,243100,100,D,@,0
54268000,243100,100,D,@,0
54268000,243100,100,N,F,0
54272000,243400,100,D,4,0
54293000,243100,100,P,@,0
54293000,243100,300,N,@,0
54293000,243100,120,K,F,0
54293000,243000,100,P,F,0
54296000,243100,100,N,F,0
54346000,243100,100,D,@,0
54361000,243200,100,B,F,0
54361000,243200,100,P,@,0
54361000,243200,100,T,@,0
54361000,243200,100,T,@,0
54361000,243200,100,Z,@,0
54361000,243200,100,N,@,0
54361000,243300,100,P,F,0
54361000,243300,100,K,F,0
54393000,243500,200,N,F,0
54393000,243500,100,N,F,0
54406000,243500,100,D,@,0
54426000,243400,100,P,F,0
54426000,243400,100,P,F,0
54447000,243400,100,P,F,0
54447000,243400,100,P,F,0
54447000,243400,100,P,F,0
54447000,243400,200,N,F,0
54447000,243500,100,T,F,0
54447000,243500,100,Z,F,0
54447000,243600,100,P,F,0
54447000,243600,100,N,F,0
54447000,243500,100,T,@,0
54447000,243600,100,T,F,0
54459000,243500,100,T,F,0
54491000,243500,100,C,F,0
54491000,243500,100,D,F,0
54492000,243600,100,B,F,0
54493000,243400,100,N,@,0
54497000,243400,100,P,F,0
54506000,243600,100,B,@,0
54513000,243500,100,P,F,0
54513000,243500,100,P,F,0
54567000,243600,200,N,F,0
54567000,243600,200,N,@,0
54567000,243600,159,N,F,0
54567000,243600,141,N,F,0
54567000,243500,100,P,@,0
54567000,243600,100,N,F,0
54571000,243700,100,D,F,0
54573000,243700,100,K,F,0
54578000,243600,100,D,@,0
54578000,243700,100,T,F,0
54597000,243600,200,N,F,0
54597000,243600,100,P,@,0
54597000,243600,100,P,@,0
54597000,243500,100,N,F,0
54597000,243400,100,P,F,0
54600000,243500,100,D,F,0
54602000,243500,100,T,F,0
54617000,243600,200,N,F,0
54618000,243600,109,N,F,0
54619000,243600,100,B,F,0
54743000,243500,200,N,F,0
54748000,243600,100,Z,F,0
54750000,243600,100,K,@,0
54750000,243600,100,D,@,0
54750000,243700,100,D,@,0
54753000,243700,100,K,F,0
54767000,243900,200,N,F,0
54767000,243900,100,K,F,0
54774000,244100,100,T,F,0
54774000,244100,100,T,F,0
54774000,244000,300,N,@,0
54774000,244100,100,N,F,0
54775000,244000,100,K,@,0
54787000,244000,100,B,F,0
54789000,244100,100,N,F,0
54789000,244100,100,N,F,0
54793000,244100,100,K,@,0
54793000,244100,100,P,F,0
54800000,244000,100,P,F,0
54800000,244000,100,P,F,0
54800000,244000,100,P,F,0
54800000,244000,100,T,F,0
54800000,243900,100,T,F,0
54800000,243900,100,N,F,0
54805000,243800,100,P,F,0
54805000,243800,100,P,F,0
54820000,243800,100,J,@,0
54838000,243800,100,T,@,0
54853000,243700,100,P,F,0
54870000,243800,100,K,F,0
54890000,243800,100,J,@,0
54891000,243600,100,N,@,0
54894000,243800,100,Z,@,0
54897000,243800,100,P,F,0
54897000,243800,200,N,F,0
54897000,243900,100,T,@,0
54897000,243800,100,D,@,0
54897000,243900,100,Z,@,0
54902000,243900,100,Z,F,0
54952000,243900,100,T,F,0
54952000,243900,100,N,@,0
54952000,243900,200,N,F,0
54978000,243800,100,Z,@,0
54978000,243900,100,D,@,0
54993000,243800,100,T,F,0
54994000,243900,100,B,@,0
55001000,243700,100,T,F,0
55001000,243700,100,P,F,0
55001000,243800,200,N,F,0
55013000,243700,100,T,F,0
55040000,243800,100,N,F,0
55040000,243800,600,N,@,0
55040000,243800,100,N,@,0
55041000,243900,100,T,F,0
55048000,243900,200,N,F,0
55048000,243900,100,P,F,0
55048000,243900,100,D,@,0
55048000,243900,200,P,@,0
55048000,243900,100,T,F,0
55048000,243900,100,T,@,0
55048000,243900,100,T,F,0
55048000,243900,100,T,F,0
55048000,243900,100,B,F,0
55049000,243900,100,T,F,0
55053000,244000,100,B,F,0
55068000,243800,100,B,@,0
55068000,243900,100,J,@,0
55068000,243900,100,J,@,0
55068000,243800,200,N,F,0
55078000,244000,100,D,@,0
55086000,243900,100,P,F,0
55086000,243900,100,P,F,0
55111000,243800,100,D,4,0
55114000,244000,100,N,F,0
55133000,244000,100,T,F,0
55133000,244000,100,N,F,0
55133000,244000,100,K,@,0
55133000,244000,300,N,F,0
55133000,244100,100,P,F,0
55133000,244100,100,Z,F,0
55134000,244300,100,D,@,0
55135000,244300,100,D,@,0
55136000,244200,100,J,F,0
55137000,244200,100,T,F,0
55141000,244300,100,Z,F,0
55141000,244300,100,K,F,0
55141000,244300,100,D,@,0
55144000,244300,100,D,@,0
55145000,244200,200,N,@,0
55145000,244200,100,P,F,0
55145000,244200,100,P,F,0
55145000,244200,100,K,F,0
55151000,244300,100,Z,F,0
55159000,244200,100,T,F,0
55173000,244300,100,K,F,0
55173000,244200,100,N,@,0
55177000,244400,100,N,F,0
55177000,244400,100,K,F,0
55178000,244500,100,N,@,0
55180000,244500,100,P,F,0
55181000,244600,140,N,F,0
55197000,244800,100,B,@,0
55197000,244800,200,K,F,0
55198000,244800,100,P,F,0
55199000,244900,100,P,F,0
55200000,244700,100,P,F,0
55201000,244900,130,N,F,0
55209000,244700,100,P,F,0
55233000,245000,100,B,F,0
55239000,244800,100,P,F,0
55239000,244800,100,P,F,0
55239000,244700,100,P,F,0
55245000,244800,100,P,F,0
55261000,244800,100,T,F,0
55268000,244800,100,K,F,0
55269000,244800,100,D,F,0
55269000,244800,100,C,F,0
55280000,244700,100,N,@,0
55281000,244800,100,P,F,0
55281000,244900,100,J,F,0
55281000,244900,100,N,F,0
55285000,244900,100,T,F,0
55285000,244800,100,N,@,0
55287000,244900,100,J,F,0
55287000,244900,100,K,F,0
55289000,244900,100,K,F,0
55289000,244900,100,K,@,0
55293000,245100,100,N,F,0
55340000,245200,100,N,F,0
55359000,245200,100,N,F,0
55359000,245400,100,B,F,0
55413000,245100,100,T,F,0
55413000,245100,100,T,F,0
55413000,245200,100,T,F,0
55413000,245200,100,T,F,0
55413000,245200,100,T,F,0
55413000,245200,100,T,F,0
55413000,245200,100,T,F,0
55432000,245100,100,B,@,0
55432000,245100,100,D,@,0
55449000,245200,100,P,F,0
55453000,245100,100,D,@,0
55453000,245100,100,D,@,0
55453000,245100,100,D,@,0
55453000,245100,100,D,@,0
55453000,245100,100,D,@,0
55453000,245100,400,D,@,0
55453000,245200,100,D,@,0
55467000,245100,100,T,F,0
55467000,245100,100,P,F,0
55467000,245100,100,T,F,0
55467000,245100,100,T,F,0
55467000,245100,200,N,F,0
55467000,245100,200,N,F,0
55467000,245100,300,N,F,0
55467000,245100,100,N,@,0
55468000,245100,400,N,@,0
55468000,245100,100,D,@,0
55468000,245100,100,D,@,0
55468000,245000,100,K,F,0
55468000,245100,100,D,@,0
55472000,245100,200,N,F,0
55476000,245000,100,Z,F,0
55477000,245100,100,P,@,0
55477000,245100,100,T,@,0
55477000,245100,100,N,@,0
55477000,245200,100,K,F,0
55481000,245200,100,N,F,0
55482000,245100,100,N,F,0
55484000,245300,100,D,@,0
55489000,245100,100,N,F,0
55505000,245200,100,N,F,0
55520000,245400,100,B,F,0
55520000,245400,100,K,F,0
55534000,245400,100,T,F,0
55534000,245400,100,T,F,0
55534000,245400,100,K,F,0
55535000,245500,100,N,F,0
55535000,245500,100,Z,F,0
55548000,245500,100,Z,F,0
55548000,245500,100,N,F,0
55548000,245600,100,N,F,0
55553000,245700,100,N,F,0
55553000,245700,100,N,F,0
55556000,245900,100,D,@,0
55569000,245700,100,P,@,0
55569000,245900,100,B,F,0
55571000,245800,100,J,F,0
55572000,245700,100,N,@,0
55572000,245700,100,B,F,0
55572000,245700,100,T,F,0
55587000,245700,100,T,F,0
55587000,245700,100,T,F,0
55587000,245700,100,N,@,0
55591000,245800,100,T,F,0
55594000,245900,100,N,F,0
55595000,245800,100,Y,F,0
55602000,245700,100,B,@,0
55606000,245800,100,T,F,0
55606000,245800,300,T,F,0
55607000,245800,100,N,@,0
55607000,246000,100,D,@,0
55608000,245700,100,B,F,0
55624000,245800,100,N,F,0
55626000,245700,100,Y,F,0
55626000,245700,100,P,F,0
55626000,245700,100,P,F,0
55626000,245700,100,J,F,0
55626000,245700,100,K,F,0
55626000,245700,100,K,F,0
55626000,245700,100,K,F,0
55629000,245600,100,T,F,0
55629000,245600,100,P,F,0
55629000,245600,100,P,F,0
55629000,245600,100,N,F,0
55629000,245600,100,N,F,0
55629000,245600,600,N,F,0
55629000,245500,100,N,F,0
55629000,245500,100,N,F,0
55629000,245300,100,T,F,0
55629000,245300,100,T,F,0
55629000,245300,100,T,F,0
55629000,245300,100,N,@,0
55633000,245400,100,D,@,0
55633000,245400,100,T,F,0
55662000,245400,100,N,F,0
55666000,245400,100,Z,F,0
55666000,245400,100,Z,@,0
55667000,245400,100,P,F,0
55667000,245400,100,Z,F,0
55667000,245400,100,P,F,0
55669000,245400,100,K,F,0
55672000,245300,100,P,F,0
55672000,245300,100,Z,F,0
55672000,245300,158,P,F,0
55678000,245200,100,N,F,0
55678000,245200,200,N,F,0
55678000,245200,100,N,F,0
55682000,245300,100,B,F,0
55682000,245300,100,T,F,0
55711000,245100,100,D,4,0
55740000,245400,100,P,F,0
55741000,245500,100,N,F,0
55741000,245400,100,T,@,0
55750000,245500,100,N,F,0
55751000,245500,200,N,F,0
55768000,245500,100,N,F,0
55772000,245400,200,N,F,0
55790000,245400,100,T,@,0
55790000,245400,100,N,@,0
55790000,245500,100,P,F,0
55790000,245500,100,K,F,0
55791000,245300,100,J,F,0
55807000,245500,200,N,F,0
55813000,245500,100,P,F,0
55814000,245600,100,K,F,0
55815000,245500,100,K,@,0
55815000,245500,100,K,F,0
55815000,245500,100,T,F,0
55815000,245500,100,Z,F,0
55817000,245700,100,T,F,0
55822000,246000,100,D,F,0
55832000,245800,100,J,F,0
55835000,245800,100,P,F,0
55837000,245900,100,N,F,0
55838000,245900,100,N,F,0
55838000,245900,100,D,@,0
55838000,245900,100,D,F,0
55844000,245900,100,N,F,0
55849000,245800,100,N,@,0
55851000,245800,100,P,F,0
55851000,245800,200,P,F,0
55854000,245800,100,B,@,0
55863000,245600,100,P,@,0
55870000,245800,100,T,F,0
55902000,245900,100,T,F,0
55902000,245900,100,N,F,0
55913000,245900,100,J,F,0
55917000,245900,100,Z,F,0
55917000,245900,100,Z,F,0
55926000,246100,100,Z,F,0
55926000,246100,100,K,F,0
55937000,246200,100,D,F,0
55939000,245900,100,N,F,0
55939000,245900,100,N,F,0
55939000,246000,157,K,F,0
55946000,245900,100,T,F,0
55946000,245900,100,P,F,0
55949000,245900,100,P,F,0
55951000,246000,100,N,F,0
55956000,246000,200,N,F,0
55958000,246000,100,N,F,0
55960000,246000,100,T,F,0
55963000,246100,100,N,F,0
55965000,245800,100,T,@,0
55965000,246000,100,T,F,0
55965000,245900,100,T,F,0
55965000,245900,100,T,F,0
55965000,245800,100,J,F,0
55965000,245800,100,J,F,0
55967000,246000,100,K,F,0
55969000,246100,100,T,F,0
55973000,246100,100,D,@,0
55975000,245900,100,J,F,0
55979000,246000,100,D,@,0
55989000,245800,100,P,F,0
55989000,245800,100,T,F,0
55992000,245700,100,B,@,0
55992000,245700,100,D,@,0
55992000,245700,100,D,@,0
56005000,245700,100,T,F,0
56012000,245600,100,N,@,0
56012000,245600,200,N,@,0
56032000,245600,100,J,F,0
56032000,245600,100,T,F,0
56032000,245600,100,N,F,0
56032000,245600,100,N,F,0
56032000,245700,100,T,F,0
56032000,245700,100,P,F,0
56072000,245700,100,N,@,0
56078000,245600,100,B,F,0
56079000,245600,100,T,F,0
56079000,245600,100,T,F,0
56081000,245600,100,P,F,0
56081000,245600,100,T,F,0
56081000,245600,100,Z,F,0
56110000,245800,100,P,F,0
56111000,245800,100,N,F,0
56111000,245800,100,N,@,0
56143000,245700,100,D,@,0
56150000,245800,100,N,F,0
56170000,246000,100,D,F,0
56185000,245900,100,T,@,0
56185000,245800,100,Z,@,0
56185000,245900,100,N,@,0
56185000,246000,100,K,F,0
56185000,246000,100,K,F,0
56186000,246100,100,P,F,0
56223000,245900,100,K,F,0
56223000,245900,100,D,@,0
56226000,246000,100,J,F,0
56231000,246000,100,N,F,0
56231000,246100,100,D,F,0
56249000,246000,100,N,F,0
56249000,246000,100,K,F,0
56261000,246000,100,D,@,0
56285000,245900,100,D,@,0
56288000,245800,100,N,@,0
56288000,245900,100,P,F,0
56288000,245800,100,T,F,0
56288000,245800,200,N,F,0
56288000,245800,100,P,F,0
56288000,245900,100,Z,@,0
56288000,245900,100,K,@,0
56288000,245900,100,D,@,0
56288000,245900,100,D,@,0
56289000,245700,100,D,@,0
56297000,245800,100,T,F,0
56297000,245800,100,T,F,0
56297000,245800,200,N,F,0
56297000,245800,100,P,F,0
56297000,245900,100,Z,F,0
56297000,245900,100,K,F,0
56297000,245800,100,K,@,0
56311000,245800,100,D,4,0
56320000,245700,100,P,F,0
56323000,245700,100,T,F,0
56329000,245700,100,N,F,0
56329000,245700,100,P,F,0
56329000,245700,100,J,@,0
56331000,245800,100,P,F,0
56331000,245800,200,N,F,0
56381000,245700,100,D,@,0
56405000,245700,281,N,F,0
56405000,245700,100,T,F,0
56405000,245700,100,P,F,0
56405000,245700,100,N,F,0
56405000,245700,100,D,@,0
56406000,245700,100,N,@,0
56408000,245700,100,J,@,0
56414000,245700,200,D,@,0
56416000,245600,200,N,F,0
56416000,245600,200,N,F,0
56422000,245400,200,N,F,0
56425000,245300,100,N,F,0
56425000,245400,100,D,@,0
56431000,245300,100,D,@,0
56432000,245300,100,T,@,0
56432000,245300,500,N,@,0
56432000,245300,100,J,F,0
56438000,245300,100,D,@,0
56441000,245300,100,Z,@,0
56454000,245400,100,P,@,0
56454000,245400,200,N,@,0
56454000,245500,100,D,@,0
56459000,245400,100,D,@,0
56495000,245300,100,B,F,0
56495000,245400,100,K,F,0
56497000,245500,100,D,@,0
56497000,245500,100,D,@,0
56500000,245400,100,K,F,0
56502000,245300,100,B,F,0
56502000,245300,100,B,F,0
56519000,245400,100,P,F,0
56519000,245400,100,T,F,0
56519000,245400,100,K,F,0
56519000,245400,100,T,F,0
56519000,245500,100,T,F,0
56519000,245500,100,T,F,0
56519000,245500,100,T,F,0
56519000,245500,100,K,F,0
56519000,245500,100,D,@,0
56519000,245500,100,D,@,0
56520000,245500,100,K,F,0
56520000,245500,100,T,F,0
56520000,245500,100,T,@,0
56520000,245500,100,D,@,0
56530000,245600,100,Z,F,0
56537000,245500,100,D,@,0
56543000,245600,100,K,F,0
56543000,245700,100,K,F,0
56543000,245700,100,J,F,0
56546000,245700,200,J,F,0
56548000,245700,100,D,F,0
56558000,245700,300,N,@,0
56558000,245700,200,K,F,0
56561000,245600,100,D,@,0
56568000,245600,100,J,@,0
56568000,245500,100,D,@,0
56568000,245500,100,Z,@,0
56570000,245400,100,N,@,0
56579000,245400,199,N,F,0
56579000,245500,100,P,F,0
56579000,245400,100,P,F,0
56580000,245300,100,P,F,0
56580000,245300,100,K,F,0
56580000,245200,100,P,F,0
56589000,245200,300,N,@,0
56596000,245100,100,T,F,0
56596000,245100,200,N,@,0
56596000,245100,200,N,F,0
56596000,245200,100,Z,F,0
56597000,245200,176,N,@,0
56604000,245200,100,D,@,0
56606000,245100,100,D,@,0
56628000,245200,100,T,F,0
56628000,245200,100,T,F,0
56628000,245200,100,N,F,0
56628000,245300,100,T,F,0
56628000,245300,100,K,F,0
56628000,245300,100,K,F,0
56628000,245200,100,B,F,0
56650000,245500,100,D,F,0
56651000,245500,100,J,@,0
56660000,245500,100,D,@,0
56661000,245300,100,N,@,0
56661000,245300,100,K,F,0
56680000,245100,100,D,F,0
56692000,245100,100,D,F,0
56696000,245200,100,T,@,0
56696000,245200,200,N,@,0
56696000,245200,100,N,@,0
56696000,245200,100,K,F,0
56696000,245200,100,K,F,0
56700000,245400,100,B,@,0
56700000,245400,100,T,F,0
56700000,245500,100,B,F,0
56700000,245500,100,N,F,0
56703000,245500,100,T,F,0
56703000,245500,100,T,F,0
56717000,245300,100,N,@,0
56718000,245400,100,D,@,0
56719000,245400,100,T,@,0
56719000,245500,100,B,F,0
56720000,245500,100,N,@,0
56733000,245300,100,Y,@,0
56753000,245400,100,T,F,0
56753000,245400,200,N,@,0
56753000,245400,100,N,F,0
56753000,245400,100,K,F,0
56753000,245400,100,T,@,0
56761000,245600,100,D,@,0
56763000,245600,100,D,@,0
56763000,245600,100,D,@,0
56763000,245500,100,B,F,0
56763000,245500,100,B,F,0
56763000,245500,200,N,F,0
56763000,245500,100,B,F,0
56763000,245600,100,D,@,0
56763000,245500,100,N,@,0
56767000,245600,100,T,F,0
56767000,245600,100,Z,F,0
56767000,245600,100,P,F,0
56777000,245600,200,K,@,0
56786000,245600,100,D,@,0
56794000,245600,100,D,@,0
56805000,245500,100,Y,F,0
56805000,245500,100,T,F,0
56805000,245500,100,T,F,0
56805000,245500,100,T,F,0
56805000,245500,100,Z,F,0
56805000,245500,200,N,F,0
56807000,245300,100,T,F,0
56807000,245300,100,P,@,0
56807000,245300,100,T,F,0
56807000,245300,100,T,F,0
56810000,245200,100,T,@,0
56813000,245200,100,D,@,0
56813000,245300,100,P,@,0
56816000,245300,100,P,F,0
56816000,245300,100,Z,F,0
56828000,245400,100,P,@,0
56828000,245400,100,T,@,0
56828000,245400,100,N,@,0
56836000,245500,100,D,F,0
56837000,245500,100,N,F,0
56837000,245500,100,N,F,0
56837000,245500,200,N,F,0
56838000,245600,100,N,F,0
56840000,245400,100,T,@,0
56840000,245400,200,N,@,0
56865000,245400,100,B,@,0
56877000,245300,100,D,@,0
56888000,245200,100,B,F,0
56892000,245100,200,N,@,0
56905000,245200,100,P,@,0
56905000,245200,100,T,@,0
56905000,245200,100,T,@,0
56905000,245200,300,N,@,0
56905000,245200,100,B,F,0
56905000,245200,100,J,F,0
56906000,245300,100,D,@,0
56907000,245200,100,N,@,0
56908000,245200,100,T,F,0
56908000,245200,100,T,F,0
56908000,245200,100,T,F,0
56908000,245100,100,N,@,0
56910000,245100,100,P,F,0
56910000,245100,100,K,F,0
56910000,245100,200,K,F,0
56910000,245000,358,N,F,0
56910000,245000,146,N,F,0
56913000,245000,100,K,F,0
56930000,245000,100,Z,F,0
56932000,245200,100,N,F,0
56932000,245100,100,Z,F,0
56932000,245100,100,T,F,0
56932000,245100,100,K,F,0
56935000,245300,100,N,F,0
56952000,245500,200,N,F,0
56962000,245300,100,D,@,0
56963000,245400,100,D,@,0
56973000,245300,100,T,@,0
56973000,245300,100,P,F,0
56973000,245400,100,D,@,0
56983000,245400,100,N,F,0
56987000,245300,100,T,F,0
57006000,245300,100,T,F,0
57008000,245200,140,N,F,0
57008000,245200,100,N,F,0
57008000,245200,127,N,F,0
57015000,245100,100,T,F,0
57015000,245100,100,P,F,0
57015000,245100,100,K,F,0
57015000,245100,100,D,@,0
57015000,245100,100,D,@,0
57015000,245000,100,B,F,0
57017000,245100,100,J,@,0
57019000,245100,100,N,@,0
57019000,245100,300,J,@,0
57019000,245100,100,D,@,0
57021000,245100,100,N,@,0
57021000,245100,100,D,@,0
57024000,245100,100,N,F,0
57031000,245000,100,N,F,0
57031000,245000,100,D,@,0
57031000,245000,100,D,@,0
57031000,245100,100,D,@,0
57032000,245100,100,T,F,0
57032000,245100,100,T,F,0
57032000,245100,200,N,@,0
57032000,245100,200,N,F,0
57032000,245200,100,P,F,0
57032000,245200,100,N,F,0
57032000,245300,100,P,F,0
57032000,245300,100,T,F,0
57032000,245300,100,N,F,0
57035000,245400,100,N,F,0
57040000,245400,100,B,@,0
57044000,245300,100,B,@,0
57044000,245300,100,B,F,0
57044000,245300,100,B,F,0
57049000,245300,100,P,F,0
57061000,245200,600,N,F,0
57061000,245200,100,J,F,0
57061000,245200,100,J,F,0
57061000,245000,180,N,F,0
57061000,245100,100,K,F,0
57062000,245100,100,P,F,0
57062000,245100,100,N,F,0
57068000,245000,100,K,F,0
57068000,244900,100,K,F,0
57073000,244900,100,P,@,0
57096000,244800,100,D,@,0
57096000,244800,100,D,@,0
57097000,244800,100,P,@,0
57097000,244800,100,P,@,0
57097000,244800,300,N,@,0
57097000,244800,100,T,@,0
57097000,244800,200,K,@,0
57097000,244700,100,T,F,0
57103000,244700,100,T,F,0
57103000,244700,200,N,F,0
57103000,244700,100,J,F,0
57103000,244700,100,K,F,0
57103000,244700,100,N,@,0
57103000,244700,100,N,@,0
57106000,244900,100,D,@,0
57106000,244900,100,N,F,0
57106000,244900,100,N,F,0
57111000,245000,100,D,@,0
57114000,244800,100,Y,F,0
57173000,244800,100,N,F,0
57205000,244700,100,D,@,0
57205000,244700,100,D,@,0
57206000,244700,100,N,@,0
57208000,244700,100,K,@,0
57219000,244700,200,N,F,0
57219000,244700,300,T,F,0
57219000,244700,300,N,F,0
57219000,244700,100,Z,@,0
57219000,244700,100,K,F,0
57219000,244700,100,K,F,0
57219000,244700,200,N,F,0
57219000,244700,100,D,@,0
57221000,244600,100,Y,F,0
57225000,244600,200,N,@,0
57227000,244700,100,N,F,0
57229000,244700,100,D,@,0
57232000,244700,100,N,F,0
57240000,244700,100,P,F,0
57240000,244600,100,P,F,0
57240000,244600,100,P,F,0
57240000,244600,600,N,F,0
57240000,244600,100,K,F,0
57240000,244600,100,J,F,0
57240000,244600,200,K,F,0
57240000,244600,100,D,@,0
57240000,244500,100,T,@,0
57240000,244700,100,D,@,0
57240000,244700,100,D,@,0
57240000,244700,100,D,@,0
57241000,244600,500,D,@,0
57241000,244500,100,T,F,0
57241000,244600,100,Z,F,0
57241000,244500,100,K,F,0
57241000,244500,100,K,F,0
57241000,244500,100,Z,F,0
57241000,244500,100,K,F,0
57241000,244500,100,K,F,0
57241000,244500,500,D,@,0
57242000,244400,500,D,@,0
57242000,244400,100,P,F,0
57242000,244400,200,N,F,0
57242000,244400,100,K,F,0
57242000,244600,600,D,@,0
57245000,244600,300,N,F,0
57245000,244600,100,D,F,0
57245000,244600,100,D,F,0
57247000,244500,100,D,@,0
57253000,244600,100,D,@,0
57256000,244500,100,Z,@,0
57256000,244600,100,D,@,0
57256000,244500,100,D,@,0
57256000,244600,100,D,@,0
57256000,244600,100,D,@,0
57256000,244600,100,D,@,0
57256000,244600,100,D,@,0
57256000,244600,100,D,@,0
57256000,244600,100,D,@,0
57256000,244600,100,D,@,0
57256000,244600,100,D,@,0
57259000,244500,100,B,F,0
57259000,244600,100,D,@,0
57260000,244600,100,D,@,0
57260000,244600,100,D,@,0
57260000,244600,100,N,F,0
57260000,244600,100,N,F,0
57260000,244600,200,N,F,0
57270000,244600,100,D,@,0
57271000,244500,100,D,@,0
57272000,244500,100,B,F,0
57272000,244500,100,J,F,0
57272000,244500,100,J,F,0
57272000,244500,200,J,F,0
57272000,244600,100,D,@,0
57274000,244500,100,B,F,0
57274000,244500,400,J,F,0
57274000,244600,100,D,@,0
57274000,244600,100,D,@,0
57274000,244600,100,D,@,0
57274000,244600,100,D,@,0
57274000,244600,100,Z,@,0
57278000,244500,100,B,F,0
57279000,244500,300,N,@,0
57279000,244600,100,D,@,0
57279000,244500,200,J,F,0
57279000,244600,100,D,@,0
57280000,244600,100,D,@,0
57280000,244600,100,D,@,0
57290000,244600,100,D,@,0
57290000,244500,100,B,F,0
57290000,244600,100,D,@,0
57290000,244600,100,T,F,0
57290000,244600,100,T,F,0
57290000,244600,100,P,F,0
57290000,244600,100,P,F,0
57290000,244600,100,T,F,0
57290000,244600,300,N,F,0
57290000,244700,200,N,F,0
57290000,244600,100,Z,F,0
57290000,244600,100,Z,F,0
57290000,244600,100,Z,F,0
57290000,244600,100,K,F,0
57290000,244800,100,N,@,0
57291000,244800,100,Z,F,0
57291000,244800,100,N,F,0
57291000,244900,200,N,@,0
57291000,244800,100,T,F,0
57291000,244900,100,N,F,0
57292000,244900,200,N,@,0
57297000,244900,100,B,@,0
57300000,244900,200,N,F,0
57300000,244800,100,J,F,0
57301000,244900,100,P,F,0
57301000,244800,100,T,F,0
57301000,244900,100,P,F,0
57301000,244800,100,P,F,0
57304000,244700,200,N,F,0
57304000,244700,100,K,F,0
57316000,244600,100,D,@,0
57318000,244700,100,T,@,0
57327000,244800,100,T,F,0
57327000,244800,500,N,F,0
57328000,245000,300,N,F,0
57328000,245000,100,Z,F,0
57337000,245100,100,D,@,0
57337000,245100,200,N,@,0
57344000,244900,143,N,F,0
57344000,244900,200,N,F,0
57344000,244900,200,N,F,0
57344000,244900,100,P,F,0
57344000,244900,100,B,F,0
57344000,245100,100,D,@,0
57344000,245000,100,D,@,0
57344000,245000,200,D,@,0
57344000,244900,100,D,@,0
57344000,244900,100,D,@,0
57351000,244900,120,N,F,0
57351000,244900,200,D,@,0
57351000,245000,100,D,@,0
57351000,245000,100,D,@,0
57351000,245000,100,D,@,0
57351000,245000,100,D,@,0
57352000,245000,100,D,@,0
57354000,244900,100,B,F,0
57354000,244900,100,B,F,0
57354000,244900,100,P,@,0
57354000,245000,200,Z,@,0
57357000,245000,100,D,@,0
57361000,244900,100,B,F,0
57364000,245000,200,Z,F,0
57367000,245000,100,P,F,0
57367000,244900,100,P,F,0
57367000,244900,100,P,F,0
57367000,245000,200,Z,F,0
57367000,244900,200,Z,@,0
57367000,244900,200,Z,F,0
57370000,244900,200,N,F,0
57376000,244900,400,N,F,0
57376000,244900,100,P,F,0
57391000,244800,300,N,F,0
57397000,244900,100,D,@,0
57397000,244800,100,P,F,0
57397000,244800,200,N,F,0
57398000,244800,100,P,F,0
57398000,244800,100,N,F,0
57406000,244900,100,K,@,0
57408000,244900,100,T,F,0
57409000,244900,100,D,@,0
57409000,244800,100,P,@,0
57416000,244800,100,P,F,0
57416000,244800,100,P,F,0
57428000,244800,200,D,@,0
57428000,244700,100,D,@,0
57445000,244800,100,D,@,0
57454000,244800,100,N,F,0
57455000,244900,100,T,@,0
57455000,244900,100,T,@,0
57455000,244900,100,K,@,0
57455000,244900,260,N,F,0
57455000,244900,188,N,F,0
57455000,244900,100,K,F,0
57455000,244900,100,N,@,0
57463000,244900,200,N,F,0
57463000,244900,100,T,F,0
57463000,244900,100,T,F,0
57463000,244900,100,T,F,0
57463000,245000,100,J,F,0
57463000,244900,200,N,F,0
57463000,244900,100,J,F,0
57463000,244900,100,J,F,0
57463000,244900,100,N,F,0
57463000,244900,100,N,F,0
57464000,244800,204,N,@,0
57467000,244900,100,D,@,0
57480000,244900,100,D,@,0
57481000,244900,100,N,@,0
57487000,245000,100,J,F,0
57491000,245000,100,N,F,0
57494000,245000,100,N,F,0
57494000,245000,100,T,F,0
57494000,245000,100,N,F,0
57494000,245000,300,N,F,0
57502000,245000,100,D,@,0
57506000,245000,100,K,F,0
57506000,245000,100,N,@,0
57507000,245000,100,D,@,0
57534000,245000,400,N,F,0
57534000,245000,100,K,F,0
57534000,245000,100,K,F,0
57534000,245000,100,Z,@,0
57534000,245000,100,N,@,0
57534000,244800,100,D,@,0
57536000,245000,100,D,@,0
57540000,244900,100,Z,@,0
57541000,245000,100,D,@,0
57541000,245000,100,Y,F,0
57546000,244900,100,J,@,0
57551000,244900,200,D,@,0
57551000,244800,100,D,@,0
57556000,244900,100,J,F,0
57557000,244900,100,T,F,0
57557000,244800,100,T,F,0
57557000,244800,100,T,F,0
57557000,244800,514,N,F,0
57559000,244800,100,D,@,0
57560000,244700,100,J,F,0
57566000,244700,100,T,F,0
57566000,244800,100,D,@,0
57567000,244700,200,N,F,0
57568000,244600,100,D,@,0
57569000,244700,100,T,F,0
57570000,244800,100,N,@,0
57571000,244700,100,Z,@,0
57571000,244700,100,T,F,0
57572000,244600,100,T,F,0
57573000,244500,100,T,F,0
57573000,244700,100,D,@,0
57581000,244400,245,N,@,0
57583000,244500,100,T,F,0
57586000,244600,100,J,@,0
57586000,244600,100,D,@,0
57593000,244600,100,D,@,0
57595000,244400,100,N,@,0
57598000,244700,100,D,@,0
57599000,244500,100,P,F,0
57599000,244500,100,T,F,0
57599000,244600,100,P,F,0
57599000,244700,126,N,F,0
57600000,244500,100,T,M,0
57600000,244700,126,P,M,0
57625000,244600,100,D,,0
57646000,244500,100,D,,0
57712000,244600,7855,N,6,0
59280000,244600,1262,D,,0
