33651000,653400,100,T,F,0
34201000,653100,5542,N,O,0
34210000,653200,100,N,@,0
34216000,651200,161,D,@,0
34230000,653200,100,N,F,0
34230000,652700,100,T,@,0
34230000,652700,100,T,Q,0
34246000,653000,100,N,@,0
34246000,653100,188,N,@,0
34261000,652800,100,N,F,0
34261000,652900,100,N,@,0
34279000,652200,100,Z,F,0
34279000,652300,100,Z,@,0
34279000,652000,100,T,F,0
34279000,651700,100,N,F,0
34279000,651600,200,N,F,0
34282000,652300,100,N,@,0
34304000,652300,100,P,@,0
34304000,652300,100,P,@,0
34304000,652800,136,K,F,0
34312000,652000,100,B,F,0
34312000,652000,100,N,F,0
34312000,652000,100,T,F,0
34312000,651900,100,Z,F,0
34312000,652000,100,D,@,0
34312000,652000,100,C,F,0
34326000,651800,100,P,@,0
34330000,651400,100,D,@,0
34330000,651800,100,T,F,0
34330000,651800,200,D,@,0
34354000,652200,200,N,@,0
34354000,652200,100,T,F,0
34356000,652300,100,T,@,0
34356000,652500,200,K,F,0
34356000,652500,2200,K,@,0
34356000,652700,100,N,F,0
34356000,652300,100,D,@,0
34356000,652300,100,D,@,0
34356000,653000,100,N,F,0
34364000,652600,100,P,@,0
34364000,652600,100,Z,@,0
34371000,652300,200,N,F,0
34371000,652300,100,P,F,0
34371000,651500,100,N,F,0
34379000,650900,150,N,@,0
34404000,650000,299,K,F,0
34526000,651100,100,N,@,0
34557000,650300,100,K,@,0
34557000,650300,100,K,@,0
34564000,651000,196,Y,F,0
34571000,651100,100,T,F,0
34571000,650600,100,N,@,0
34571000,651100,100,D,@,0
34575000,651200,100,N,@,0
34579000,652300,100,P,@,0
34579000,651700,100,X,F,0
34579000,651700,100,B,F,0
34579000,651700,100,Z,F,0
34579000,650900,100,N,@,0
34579000,651500,100,T,F,0
34579000,651500,100,Z,F,0
34579000,650900,100,N,@,0
34579000,650900,100,N,@,0
34579000,650900,100,N,@,0
34584000,651000,100,T,F,0
34595000,650000,100,T,F,0
34600000,650000,100,T,@,0
34614000,649500,100,N,@,0
34614000,649500,100,T,F,0
34614000,649500,100,B,F,0
34614000,649500,100,X,F,0
34614000,649500,100,N,F,0
34614000,649800,100,N,@,0
34614000,649500,100,C,F,0
34669000,650400,198,N,F,0
34719000,650600,100,D,@,0
34733000,650500,100,T,F,0
34736000,650600,100,D,@,0
34759000,650500,100,N,F,0
34759000,650900,100,X,F,0
34764000,650800,100,T,F,0
34764000,650800,100,X,@,0
34764000,650800,100,N,@,0
34764000,650800,200,Y,@,0
34765000,650900,100,P,@,0
34783000,651300,100,N,F,0
34783000,651300,100,D,@,0
34783000,651300,100,N,@,0
34797000,652400,100,N,F,0
34797000,652600,100,N,@,0
34804000,652600,100,T,@,0
34804000,652500,100,Z,@,0
34804000,653200,100,D,@,0
34810000,652500,100,P,@,0
34828000,653200,100,D,@,0
34847000,653200,100,N,@,0
34847000,653300,100,T,@,0
34847000,654000,100,N,F,0
34847000,654200,100,P,@,0
34847000,654200,100,P,@,0
34847000,654200,100,P,@,0
34851000,654200,100,N,@,0
34851000,654200,100,P,@,0
34856000,654700,100,N,F,0
34870000,654000,100,T,@,0
34870000,654000,100,T,@,0
34870000,654700,100,N,@,0
34870000,655200,100,Z,@,0
34880000,654300,100,P,@,0
34880000,654300,100,Z,@,0
34880000,654300,100,Z,@,0
34880000,655300,100,N,@,0
34881000,655300,100,Z,@,0
34890000,655000,100,Z,@,0
34890000,655100,100,N,@,0
34890000,656000,100,P,@,0
34895000,656200,100,N,@,0
34897000,655700,100,T,@,0
34899000,656200,100,N,F,0
34899000,656100,100,T,@,0
34899000,656200,100,D,@,0
34899000,656200,100,D,@,0
34899000,656500,100,T,F,0
34899000,656500,100,T,@,0
34899000,656500,100,T,@,0
34899000,656600,100,T,@,0
34899000,656600,100,P,@,0
34899000,656400,100,T,@,0
34899000,656600,100,N,@,0
34899000,656400,100,Z,@,0
34900000,656300,100,T,@,0
34900000,656700,100,N,F,0
34920000,655900,100,Z,@,0
34926000,655600,100,Z,@,0
34926000,656600,100,N,@,0
34985000,656600,200,N,@,0
34994000,656300,100,Z,@,0
34995000,656000,100,T,@,0
34996000,656300,100,Z,@,0
34997000,655900,100,K,F,0
35028000,656300,100,P,@,0
35052000,655200,100,N,F,0
35075000,655600,100,T,F,0
35075000,655600,100,X,@,0
35075000,655600,100,Y,@,0
35075000,655600,300,N,@,0
35075000,654700,100,N,@,0
35075000,655700,100,N,@,0
35075000,656100,900,K,@,0
35075000,656300,100,N,@,0
35075000,656300,100,Z,@,0
35085000,655600,100,D,@,0
35094000,655600,100,T,@,0
35099000,655400,100,P,@,0
35099000,655400,100,N,@,0
35099000,655300,100,N,@,0
35099000,655300,100,N,@,0
35099000,655700,100,D,@,0
35099000,656400,100,N,@,0
35104000,655300,100,P,@,0
35104000,655300,100,P,@,0
35104000,656200,100,N,@,0
35105000,656200,100,N,@,0
35109000,655100,100,P,F,0
35113000,655100,100,N,@,0
35130000,655200,100,D,@,0
35130000,655200,100,D,@,0
35130000,654600,100,N,@,0
35131000,654600,100,T,@,0
35138000,654200,100,P,@,0
35139000,654900,159,D,@,0
35140000,655300,100,P,@,0
35140000,655300,200,Y,@,0
35140000,655300,100,Z,@,0
35140000,655300,400,N,@,0
35140000,654300,100,N,@,0
35140000,655300,100,N,@,0
35140000,655400,100,N,@,0
35140000,655500,100,P,@,0
35140000,655500,100,D,@,0
35140000,655500,100,C,@,0
35140000,655600,100,N,@,0
35147000,654700,100,N,@,0
35161000,654500,200,N,@,0
35161000,654100,100,N,@,0
35162000,655200,100,K,@,0
35176000,654200,100,P,@,0
35185000,654400,480,K,@,0
35186000,653900,100,T,@,0
35186000,654400,100,T,F,0
35186000,654400,200,N,@,0
35221000,654900,100,T,F,0
35221000,654900,200,N,@,0
35221000,654000,100,N,@,0
35221000,654900,100,N,@,0
35221000,655000,100,P,@,0
35229000,655000,100,T,F,0
35229000,655000,500,N,@,0
35229000,655400,200,N,@,0
35240000,654900,100,N,@,0
35247000,654900,100,T,@,0
35288000,654800,100,T,@,0
35288000,654800,300,N,@,0
35288000,654400,100,T,F,0
35288000,655300,100,X,@,0
35289000,655300,100,N,@,0
35311000,655200,100,T,F,0
35311000,655200,100,T,F,0
35311000,655200,300,N,@,0
35311000,654400,100,N,@,0
35311000,655200,200,N,@,0
35414000,655200,400,Z,@,0
35414000,655200,100,K,@,0
35414000,655600,100,N,F,0
35414000,654900,100,N,@,0
35414000,655200,100,D,@,0
35415000,655700,200,N,@,0
35415000,655700,100,J,@,0
35538000,655700,100,Z,@,0
35538000,655700,300,N,@,0
35538000,655700,100,K,@,0
35538000,655700,100,N,@,0
35539000,656600,100,P,F,0
35539000,656600,100,Z,F,0
35539000,656600,100,D,@,0
35540000,656100,100,T,@,0
35540000,656400,100,D,@,0
35541000,656600,200,P,F,0
35541000,656100,100,X,@,0
35541000,656100,100,T,@,0
35541000,656100,100,T,@,0
35541000,656100,100,T,@,0
35543000,656600,300,P,@,0
35543000,656600,100,D,@,0
35543000,656500,100,N,F,0
35544000,656600,100,P,F,0
35544000,656600,400,P,@,0
35544000,656600,200,P,@,0
35544000,656600,200,N,@,0
35545000,656600,600,P,F,0
35546000,656900,100,D,@,0
35550000,656300,100,Z,@,0
35550000,656300,100,N,@,0
35555000,656300,100,T,@,0
35555000,656200,100,Z,@,0
35556000,656200,100,T,F,0
35568000,656200,100,N,@,0
35568000,656200,100,Z,@,0
35568000,656500,100,D,@,0
35569000,656600,100,N,@,0
35574000,656200,100,J,@,0
35578000,656200,200,N,@,0
35578000,656200,100,J,@,0
35578000,656500,100,D,@,0
35579000,656000,100,Z,F,0
35583000,655600,300,N,@,0
35592000,655600,100,N,@,0
35596000,655600,100,N,@,0
35596000,656000,100,N,@,0
35598000,656000,200,N,@,0
35598000,656000,100,K,@,0
35598000,655700,100,Z,F,0
35601000,656300,100,D,@,0
35606000,655800,100,T,@,0
35606000,655700,100,P,@,0
35606000,656200,100,D,@,0
35611000,655700,100,K,@,0
35611000,655500,100,T,@,0
35611000,655100,100,T,@,0
35669000,654700,100,Z,@,0
35679000,654700,500,N,@,0
35679000,654700,100,D,@,0
35679000,654800,300,N,@,0
35679000,654800,300,N,@,0
35679000,654800,100,N,@,0
35680000,654800,174,N,@,0
35684000,655000,100,K,@,0
35684000,655300,100,N,@,0
35684000,655400,100,N,@,0
35693000,655200,100,T,F,0
35696000,655000,100,Z,F,0
35698000,655000,100,Z,@,0
35710000,653900,100,N,F,0
35747000,653300,100,N,F,0
35747000,652900,100,X,F,0
35747000,653000,100,N,F,0
35747000,652900,100,Z,F,0
35747000,652900,100,Y,F,0
35747000,652800,100,N,F,0
35752000,653100,100,D,@,0
35752000,653100,100,D,@,0
35752000,653100,100,D,@,0
35752000,652700,100,T,F,0
35752000,652700,150,N,@,0
35752000,653100,100,D,@,0
35753000,652700,100,D,@,0
35753000,652700,100,N,@,0
35757000,653100,100,N,@,0
35764000,652700,100,N,@,0
35764000,652700,100,T,@,0
35764000,652700,100,T,@,0
35764000,652700,100,K,@,0
35764000,652400,100,N,F,0
35769000,652100,100,N,@,0
35769000,652900,100,D,@,0
35789000,652200,100,Z,F,0
35789000,652200,100,N,@,0
35789000,652200,100,P,@,0
35789000,652200,100,N,@,0
35789000,652200,100,N,F,0
35789000,651800,100,Y,F,0
35790000,651600,100,N,F,0
35801000,651400,100,N,@,0
35809000,651000,100,N,@,0
35820000,650600,100,N,@,0
35832000,650500,100,N,@,0
35849000,651000,300,N,@,0
35849000,651000,100,T,F,0
35851000,651100,100,N,F,0
35854000,651400,100,D,@,0
35871000,651200,100,T,@,0
35900000,651300,100,T,@,0
35900000,651300,100,N,@,0
35900000,651400,200,N,@,0
35901000,651600,100,P,F,0
35901000,651700,100,N,F,0
35905000,652000,200,D,@,0
35964000,651900,100,T,@,0
35964000,651900,100,T,@,0
35964000,651900,300,N,@,0
35964000,652000,100,N,@,0
35964000,652100,100,P,F,0
35964000,652100,100,N,@,0
35964000,651600,188,N,@,0
35969000,652500,100,D,@,0
35969000,652500,100,N,@,0
35995000,651900,100,B,@,0
35995000,652000,900,D,@,0
35995000,652600,100,D,@,0
36000000,652600,200,D,@,0
36000000,652600,100,D,@,0
36008000,652600,100,Z,F,0
36017000,652000,100,B,@,0
36017000,652000,100,D,@,0
36017000,652000,100,D,@,0
36017000,652100,200,D,@,0
36017000,652500,100,K,@,0
36022000,652500,100,K,@,0
36032000,652500,100,T,@,0
36032000,652300,100,P,@,0
36033000,652600,100,N,F,0
36033000,652700,100,N,F,0
36043000,653600,100,D,@,0
36074000,653300,100,T,@,0
36078000,653500,100,N,F,0
36159000,653900,100,P,F,0
36159000,654100,100,N,@,0
36186000,654100,100,N,F,0
36273000,653600,100,P,@,0
36273000,653600,100,N,@,0
36276000,653700,100,N,@,0
36323000,654200,100,P,@,0
36323000,654200,200,N,@,0
36338000,654600,100,X,F,0
36447000,654500,100,T,@,0
36447000,654400,100,T,@,0
36447000,654600,100,D,@,0
36475000,654500,100,P,@,0
36475000,654500,100,Z,@,0
36582000,655100,100,N,@,0
36585000,655300,100,K,@,0
36585000,655600,100,N,F,0
36640000,655800,100,T,F,0
36655000,655800,100,Z,@,0
36655000,655800,100,N,@,0
36656000,656200,100,D,@,0
36698000,655900,100,Z,@,0
36698000,655800,100,T,@,0
36698000,655800,100,P,F,0
36698000,656000,100,D,@,0
36698000,655800,100,Z,F,0
36698000,655800,100,Y,F,0
36698000,656000,100,N,F,0
36702000,656100,100,D,F,0
36704000,656100,100,T,@,0
36704000,656100,100,T,@,0
36704000,656300,100,N,F,0
36705000,656500,100,N,@,0
36745000,656700,100,T,F,0
36878000,656700,100,P,F,0
36878000,656700,100,N,@,0
36878000,656500,100,N,F,0
36878000,656500,100,N,F,0
36878000,656700,100,Z,F,0
36878000,656800,100,D,@,0
36890000,656500,100,T,@,0
36890000,656500,100,Z,@,0
36891000,656700,100,N,F,0
36914000,657000,100,D,@,0
36914000,657000,100,N,@,0
36914000,657000,100,P,@,0
36915000,657100,100,P,F,0
36915000,657100,100,D,@,0
36915000,657400,100,D,@,0
36924000,657400,100,N,@,0
36925000,657400,100,Z,F,0
36925000,657500,100,N,F,0
36925000,657800,100,D,@,0
36939000,658000,100,Z,F,0
36939000,658000,100,N,F,0
36939000,658000,100,T,@,0
36939000,658000,100,D,@,0
36939000,658100,100,T,F,0
36939000,658100,100,D,@,0
36941000,658000,100,K,F,0
36972000,658200,100,T,@,0
36972000,658200,100,N,@,0
37008000,658700,100,T,@,0
37008000,658700,100,N,@,0
37008000,658900,100,N,@,0
37021000,659100,100,N,@,0
37021000,659100,100,D,@,0
37021000,659300,100,N,@,0
37042000,658900,100,T,@,0
37042000,658900,100,P,@,0
37042000,658900,100,N,@,0
37045000,658700,100,T,F,0
37047000,658600,100,N,F,0
37062000,658800,100,N,@,0
37062000,658800,100,N,F,0
37097000,658300,200,Y,@,0
37128000,657800,100,Z,@,0
37128000,657800,100,K,@,0
37171000,657800,100,X,F,0
37216000,657500,100,N,@,0
37249000,657700,100,D,@,0
37249000,657700,100,T,@,0
37249000,657700,200,N,@,0
37258000,658000,100,N,@,0
37279000,657700,100,T,@,0
37283000,657700,100,N,F,0
37286000,657400,100,T,@,0
37286000,657400,100,Y,@,0
37366000,657400,100,N,@,0
37366000,657400,100,Y,F,0
37366000,657400,100,K,F,0
37366000,657400,100,K,F,0
37366000,657500,100,T,@,0
37366000,657400,100,T,@,0
37366000,657400,100,T,@,0
37431000,657100,100,T,F,0
37431000,657300,100,N,F,0
37431000,657300,100,T,@,0
37431000,657300,100,T,@,0
37431000,657200,100,T,@,0
37431000,657200,100,T,@,0
37431000,657300,200,N,@,0
37474000,657000,100,Z,@,0
37474000,657000,100,N,@,0
37479000,656800,1700,D,@,0
37516000,657300,100,T,F,0
37516000,657300,100,N,F,0
37518000,657500,100,Z,@,0
37521000,657700,100,P,@,0
37523000,657800,100,P,@,0
37539000,658100,100,D,F,0
37602000,657800,200,N,@,0
37666000,657900,100,N,@,0
37749000,657700,100,N,@,0
37801000,657700,100,D,@,0
37812000,657800,100,N,F,0
37812000,657800,100,N,F,0
37818000,657700,100,Z,F,0
37818000,657700,100,N,F,0
37818000,657600,100,N,F,0
37818000,657700,100,T,@,0
37818000,657600,100,N,F,0
37819000,657800,100,Z,@,0
37819000,657800,100,N,@,0
37827000,657700,200,N,F,0
37835000,657900,100,P,@,0
37887000,658000,100,N,@,0
37923000,658200,100,N,@,0
37933000,658200,100,P,@,0
37933000,658200,100,P,@,0
37979000,658700,100,T,@,0
37981000,658600,100,P,F,0
37981000,658600,100,P,F,0
37987000,658600,100,T,@,0
38022000,659300,200,D,@,0
38022000,659300,200,N,F,0
38022000,659300,500,D,@,0
38022000,659300,240,D,@,0
38022000,659300,500,D,@,0
38022000,659300,100,K,F,0
38022000,659300,100,D,@,0
38022000,659400,100,N,F,0
38022000,659800,375,N,F,0
38023000,659800,668,D,@,0
38024000,659800,532,D,@,0
38039000,659500,100,N,@,0
38040000,659600,100,P,@,0
38044000,659600,100,N,@,0
38074000,659600,100,T,F,0
38074000,659600,200,N,F,0
38080000,659800,100,N,F,0
38080000,659800,122,N,@,0
38098000,659600,100,K,F,0
38129000,659600,100,P,@,0
38138000,659400,100,D,@,0
38144000,659500,200,N,@,0
38144000,659600,200,N,@,0
38144000,659500,100,N,F,0
38189000,659500,100,P,F,0
38204000,659400,200,T,F,0
38204000,659400,100,P,@,0
38204000,659300,100,Z,F,0
38254000,659300,100,N,F,0
38345000,659100,100,D,@,0
38345000,659100,100,D,@,0
38346000,659100,1200,D,@,0
38348000,659100,100,N,@,0
38354000,659300,100,K,@,0
38369000,659400,100,P,@,0
38369000,659400,100,N,@,0
38375000,659800,100,N,@,0
38384000,660000,100,N,@,0
38431000,659900,100,N,@,0
38431000,659900,100,N,@,0
38431000,659900,100,N,@,0
38431000,659900,100,K,@,0
38431000,659800,100,N,F,0
38477000,659900,100,N,F,0
38531000,659700,100,N,@,0
38539000,659500,100,Z,@,0
38542000,659300,100,Z,@,0
38542000,659300,100,T,@,0
38553000,659400,100,T,@,0
38553000,659400,200,N,@,0
38553000,659400,100,K,@,0
38593000,659700,100,N,@,0
38646000,659400,100,Z,@,0
38666000,659300,100,T,@,0
38666000,659300,100,D,@,0
38736000,658800,100,N,@,0
38769000,659000,100,Z,@,0
38837000,658900,100,N,@,0
38837000,658900,100,T,@,0
38923000,658400,100,P,@,0
38923000,658400,200,N,@,0
38955000,658600,100,P,@,0
38955000,658600,100,N,@,0
38989000,658500,100,N,F,0
39016000,658700,100,P,@,0
39017000,658700,100,N,@,0
39027000,658700,100,T,@,0
39048000,658600,100,P,@,0
39051000,658700,100,N,@,0
39068000,659000,100,Z,@,0
39101000,659200,100,Z,F,0
39101000,659200,100,K,@,0
39111000,659200,300,N,@,0
39123000,659600,100,Z,@,0
39123000,659600,100,Z,@,0
39123000,659600,100,K,@,0
39175000,659400,100,P,@,0
39175000,659400,100,N,@,0
39241000,659200,100,N,F,0
39273000,659000,100,D,@,0
39294000,658600,100,J,F,0
39296000,658800,100,D,@,0
39296000,658800,100,D,@,0
39296000,658800,100,D,@,0
39296000,658800,100,D,@,0
39296000,658800,200,N,@,0
39311000,658500,462,P,@,0
39341000,658800,100,N,@,0
39362000,659000,100,D,@,0
39380000,659300,100,T,@,0
39380000,659300,100,N,@,0
39383000,659400,100,N,@,0
39449000,659900,100,N,@,0
39458000,660200,100,N,F,0
39461000,660400,100,D,F,0
39480000,660500,500,D,@,0
39629000,660200,200,D,@,0
39710000,659800,100,T,F,0
39710000,659700,100,Z,@,0
39719000,659700,300,N,@,0
39727000,659400,100,D,@,0
39731000,659800,100,K,F,0
39731000,660000,100,N,@,0
39751000,660000,100,K,@,0
39761000,660200,100,K,F,0
39776000,660500,100,D,@,0
39793000,660400,100,D,@,0
39795000,660600,100,N,@,0
39795000,660500,100,D,@,0
39821000,660900,100,D,F,0
39854000,660300,100,P,@,0
39855000,660300,100,N,F,0
39857000,659900,100,N,@,0
39927000,659800,100,N,@,0
39967000,660000,100,P,@,0
39967000,660000,200,N,@,0
40001000,660200,100,D,F,0
40007000,660200,100,N,@,0
40007000,660400,100,N,F,0
40106000,659300,145,B,@,0
40106000,659600,100,N,@,0
40106000,659600,100,D,@,0
40107000,659600,100,T,F,0
40108000,660000,100,P,F,0
40108000,659600,100,K,@,0
40139000,660000,100,N,F,0
40139000,660000,100,N,@,0
40199000,659900,100,D,F,0
40208000,659800,100,N,F,0
40343000,659600,100,K,@,0
40343000,659600,100,K,@,0
40345000,659700,100,P,@,0
40345000,659700,100,N,@,0
40345000,659700,100,K,@,0
40366000,659200,100,T,@,0
40378000,660000,100,D,F,0
40524000,659500,100,D,@,0
40549000,659000,100,N,@,0
40627000,658200,100,N,@,0
40742000,658000,250,K,@,0
40752000,657700,100,P,@,0
40800000,657600,100,D,@,0
40835000,657400,100,N,F,0
40835000,657400,100,N,@,0
40840000,657400,100,K,@,0
40859000,657500,200,N,@,0
40878000,657500,100,T,@,0
40878000,657600,100,P,@,0
40878000,657600,100,N,@,0
40878000,657600,100,P,@,0
40878000,657600,100,N,@,0
40878000,657600,100,Z,@,0
40878000,657800,100,K,F,0
40878000,657600,100,D,@,0
40878000,657600,100,D,@,0
40922000,657800,100,D,F,0
40924000,657400,100,D,@,0
40930000,657800,100,D,@,0
40935000,657700,112,N,@,0
40944000,657400,100,T,@,0
40944000,657100,100,T,F,0
40947000,657400,100,T,@,0
40947000,657400,100,T,@,0
41018000,657400,100,N,@,0
41100000,657400,100,D,F,0
41101000,657400,100,P,@,0
41101000,657400,100,T,@,0
41101000,657500,100,N,F,0
41101000,657500,100,N,F,0
41101000,657400,100,P,@,0
41105000,657500,100,N,@,0
41204000,656800,100,N,F,0
41204000,656800,100,N,F,0
41208000,657400,100,D,@,0
41278000,657200,100,N,F,0
41278000,657200,100,K,@,0
41278000,657100,100,N,F,0
41279000,657300,100,N,@,0
41279000,657600,100,N,F,0
41400000,657500,100,N,F,0
41420000,657800,100,P,@,0
41420000,657800,100,P,@,0
41420000,657800,100,T,@,0
41420000,657800,100,T,@,0
41420000,657800,100,N,F,0
41426000,658200,100,D,@,0
41462000,658400,100,D,F,0
41496000,658200,300,N,@,0
41537000,658200,100,N,@,0
41537000,658200,100,Z,@,0
41565000,657900,100,D,@,0
41581000,658000,100,N,F,0
41581000,658000,100,N,@,0
41581000,657900,100,T,F,0
41581000,657900,100,T,F,0
41581000,657900,100,Z,@,0
41581000,657900,200,K,@,0
41581000,657900,200,K,@,0
41582000,657900,200,K,F,0
41584000,658000,100,T,@,0
41584000,658000,100,Z,@,0
41586000,657900,100,Z,@,0
41590000,657900,100,Z,@,0
41590000,657900,100,Z,@,0
41590000,657900,100,Z,@,0
41590000,657900,100,Z,@,0
41590000,657900,100,Z,@,0
41590000,657900,100,Z,@,0
41590000,657900,100,Z,@,0
41592000,657900,100,D,@,0
41593000,658000,100,T,F,0
41607000,658200,100,N,@,0
41609000,658200,100,D,@,0
41621000,658000,100,D,@,0
41621000,658000,100,N,F,0
41621000,657900,300,D,@,0
41656000,657700,100,N,F,0
41701000,657900,100,T,@,0
41705000,657900,100,N,@,0
41713000,657900,100,N,@,0
41792000,657700,300,D,@,0
41821000,657600,100,D,F,0
41821000,657600,100,N,@,0
41821000,657700,100,T,F,0
41822000,657700,100,T,@,0
41853000,657800,100,N,@,0
41853000,657900,100,N,@,0
41925000,657500,100,T,@,0
41976000,657800,100,Z,F,0
41991000,657800,100,N,F,0
42000000,657700,100,N,@,0
42028000,657900,100,N,@,0
42031000,657900,100,D,@,0
42031000,657900,100,K,@,0
42039000,657900,100,Z,@,0
42039000,657900,100,T,F,0
42145000,657800,100,Z,@,0
42145000,657800,100,Z,@,0
42145000,657800,100,Z,@,0
42163000,658000,100,N,F,0
42163000,658000,100,N,@,0
42163000,658000,100,K,@,0
42173000,658100,100,Z,F,0
42173000,658100,100,T,F,0
42176000,658000,200,T,@,0
42192000,658100,100,N,@,0
42222000,658100,200,N,F,0
42222000,658100,100,N,@,0
42232000,658100,100,N,@,0
42255000,658200,100,Z,@,0
42255000,658200,100,Z,@,0
42361000,658400,100,D,F,0
42435000,658200,100,D,@,0
42450000,658100,100,T,@,0
42451000,658400,100,Z,@,0
42451000,658400,100,P,@,0
42483000,658300,100,T,@,0
42483000,658300,100,N,@,0
42483000,658400,100,N,@,0
42483000,658300,200,N,@,0
42484000,658400,100,N,@,0
42506000,658200,100,T,@,0
42514000,658400,100,K,@,0
42514000,658500,100,N,@,0
42523000,658800,100,N,F,0
42600000,658700,100,D,@,0
42625000,658700,100,D,@,0
42665000,658600,100,Z,@,0
42723000,658700,100,N,F,0
42825000,658700,100,P,@,0
42825000,658700,100,Z,@,0
42825000,658700,100,N,@,0
42825000,658700,100,P,F,0
43035000,658900,150,D,@,0
43048000,658500,100,T,@,0
43080000,658800,100,D,F,0
43090000,658400,100,D,@,0
43096000,658500,100,N,@,0
43102000,658800,100,N,@,0
43102000,658700,100,T,F,0
43102000,658800,100,N,@,0
43102000,658900,100,Z,@,0
43131000,658700,500,D,@,0
43136000,658800,100,D,F,0
43187000,658700,200,N,@,0
43198000,658400,100,Y,F,0
43199000,658500,100,P,@,0
43262000,658700,100,N,F,0
43273000,658400,100,N,@,0
43317000,658400,100,K,@,0
43318000,658400,100,K,@,0
43336000,658400,492,Y,F,0
43336000,658400,100,K,@,0
43367000,658400,100,N,F,0
43409000,658100,100,T,@,0
43414000,658400,100,D,@,0
43423000,658000,100,Z,@,0
43423000,658000,100,N,@,0
43462000,658200,100,N,F,0
43465000,658300,100,N,F,0
43471000,658400,100,N,@,0
43599000,658600,100,N,@,0
43600000,658500,100,P,@,0
43604000,658600,100,P,F,0
43604000,658600,100,N,@,0
43604000,658600,100,D,@,0
43608000,658700,100,N,@,0
43608000,658700,100,N,@,0
43608000,658700,100,N,@,0
43618000,658700,100,N,@,0
43623000,658800,100,D,F,0
43624000,658800,100,Z,F,0
43624000,658800,100,K,F,0
43628000,658800,100,Z,@,0
43651000,658900,700,P,@,0
43651000,658900,100,N,@,0
43651000,658900,100,N,@,0
43651000,658800,100,N,@,0
43660000,658800,200,T,@,0
43660000,658800,100,Y,@,0
43660000,658800,202,N,@,0
43660000,658700,100,N,F,0
43661000,658900,100,D,F,0
43692000,658600,100,T,@,0
43720000,658300,100,Z,@,0
43742000,658500,100,N,F,0
43768000,658200,200,K,@,0
43768000,658200,200,K,@,0
43770000,658200,100,K,F,0
43770000,658200,100,K,@,0
43770000,658200,100,K,@,0
43770000,658200,100,K,F,0
43770000,658200,100,K,F,0
43774000,658400,100,T,@,0
43784000,658500,100,N,F,0
43800000,658400,100,D,@,0
43829000,658500,100,N,F,0
43829000,658800,100,N,F,0
43840000,658300,100,P,@,0
43906000,658700,100,K,F,0
43906000,658700,100,D,@,0
43907000,658700,200,N,@,0
43907000,658500,100,N,@,0
43924000,658400,100,T,F,0
43959000,658300,100,Z,@,0
43959000,658300,100,N,@,0
43960000,658300,100,J,@,0
43984000,658200,100,N,@,0
44121000,657500,100,J,@,0
44171000,657500,100,N,F,0
44184000,657500,100,N,F,0
44184000,657500,100,N,@,0
44207000,657500,100,P,F,0
44335000,657400,110,N,@,0
44340000,657400,100,D,F,0
44345000,657200,100,J,F,0
44354000,657000,100,T,@,0
44370000,656600,100,D,F,0
44409000,656700,100,N,F,0
44447000,656900,100,D,@,0
44447000,656700,100,D,@,0
44447000,656900,100,D,@,0
44447000,656900,100,D,@,0
44447000,656900,100,D,@,0
44447000,656900,100,D,@,0
44504000,656700,100,P,@,0
44523000,656900,100,D,F,0
44652000,656900,100,T,F,0
44652000,656900,100,K,F,0
44652000,656900,100,N,F,0
44652000,657000,100,N,F,0
44656000,657000,200,D,@,0
44682000,657000,100,K,@,0
44703000,657100,100,D,F,0
44833000,656600,100,N,@,0
44847000,656500,100,N,@,0
44848000,656200,100,T,@,0
44916000,656000,100,Z,F,0
44916000,656000,100,N,F,0
44916000,656000,100,K,F,0
44916000,655900,100,Z,@,0
44922000,656000,100,N,@,0
44923000,656100,100,T,F,0
44928000,656200,300,N,@,0
44929000,656200,100,N,F,0
44930000,656100,100,Z,@,0
44943000,656100,100,D,F,0
45000000,655900,100,D,@,0
45015000,655900,100,N,F,0
45050000,656100,100,N,@,0
45203000,655900,100,T,@,0
45237000,656200,100,P,F,0
45237000,656200,100,K,F,0
45245000,656100,100,Z,@,0
45284000,656300,100,D,F,0
45300000,656300,100,D,F,0
45316000,656300,100,N,F,0
45391000,656500,100,N,@,0
45391000,656500,100,K,@,0
45431000,656500,100,N,@,0
45431000,656500,100,N,@,0
45481000,656300,100,N,@,0
45537000,656400,100,N,@,0
45561000,656600,100,N,@,0
45605000,656600,100,P,@,0
45606000,656600,100,K,@,0
45610000,656800,100,P,@,0
45610000,656800,100,Z,@,0
45612000,656800,100,N,@,0
45613000,656700,100,N,F,0
45646000,656700,100,Y,@,0
45646000,656700,100,D,@,0
45646000,656700,100,P,@,0
45646000,656700,100,D,@,0
45654000,656800,100,T,@,0
45804000,656900,100,P,@,0
45903000,657200,100,T,@,0
45912000,657200,100,Z,@,0
45922000,657100,100,Z,@,0
45940000,656900,100,N,@,0
45961000,656800,100,T,F,0
45984000,656800,100,N,@,0
45984000,656800,100,K,@,0
46024000,657100,100,N,@,0
46041000,657300,100,N,@,0
46044000,657400,100,T,@,0
46227000,657300,100,N,F,0
46265000,657100,100,K,@,0
46311000,656900,300,N,@,0
46321000,657100,100,D,F,0
46373000,656700,100,N,@,0
46435000,656500,100,T,@,0
46440000,656300,100,D,@,0
46448000,656500,100,K,@,0
46473000,656400,100,N,F,0
46505000,656600,100,N,F,0
46505000,656600,100,K,@,0
46513000,656700,100,Y,@,0
46518000,656700,100,D,@,0
46538000,656900,100,N,@,0
46561000,656900,100,D,F,0
46584000,656900,100,Z,F,0
46584000,656900,100,Z,@,0
46584000,656900,100,Z,@,0
46584000,656900,100,Z,@,0
46584000,656900,100,Z,@,0
46585000,656900,100,K,F,0
46585000,656900,100,K,F,0
46721000,657300,100,P,@,0
46729000,657100,200,N,@,0
46748000,657000,200,N,@,0
46760000,656800,200,T,@,0
46760000,656800,200,N,@,0
46768000,656500,100,N,@,0
46768000,656500,100,N,@,0
46774000,656600,100,D,@,0
46774000,656600,100,N,@,0
46774000,656600,100,D,@,0
46775000,656600,200,D,@,0
46776000,656700,100,D,@,0
46778000,656600,100,N,F,0
46778000,656600,100,T,@,0
46778000,656600,100,Z,@,0
46782000,656500,600,J,@,0
46782000,656500,200,J,@,0
46782000,656500,800,J,@,0
46782000,656500,300,J,@,0
46782000,656500,100,J,@,0
46783000,656500,100,Y,F,0
46783000,656500,100,N,F,0
46787000,656500,100,T,F,0
46787000,656500,100,K,F,0
46791000,656600,100,P,@,0
46791000,656600,100,K,@,0
46797000,656800,100,N,F,0
46809000,656900,300,B,@,0
46809000,656900,100,N,@,0
46811000,657000,300,P,@,0
46811000,657000,606,J,@,0
46811000,657000,178,J,@,0
46811000,657000,606,J,@,0
46811000,657000,178,J,@,0
46811000,657000,100,Z,@,0
46811000,657000,622,J,@,0
46811000,657000,100,J,@,0
46811000,657000,124,J,@,0
46811000,657100,100,Z,@,0
46816000,657200,200,N,@,0
46818000,657300,100,D,@,0
46820000,657100,100,D,@,0
46821000,657100,100,D,@,0
46821000,657100,100,D,@,0
46821000,657100,1500,D,@,0
46821000,657100,100,D,@,0
46821000,657100,100,D,@,0
46821000,657100,300,P,@,0
46823000,657300,100,D,@,0
46823000,657300,100,D,@,0
46824000,657100,200,N,@,0
46825000,657100,100,T,F,0
46825000,657100,100,T,F,0
46825000,657100,100,T,F,0
46832000,657000,100,J,F,0
46837000,656700,300,N,F,0
46837000,656800,100,P,F,0
46837000,656600,153,N,F,0
46837000,656700,800,J,F,0
46837000,656700,800,J,@,0
46840000,656800,100,T,@,0
46842000,656900,100,K,@,0
46842000,656900,100,K,@,0
46843000,657000,100,J,@,0
46843000,657000,100,J,@,0
46843000,657000,100,J,@,0
46844000,656700,100,P,@,0
46844000,656700,100,N,@,0
46845000,656900,200,N,@,0
46845000,657000,100,J,@,0
46845000,657000,100,J,@,0
46845000,657000,100,J,@,0
46848000,657100,100,D,@,0
46848000,657100,100,D,@,0
46848000,657100,200,D,@,0
46849000,657100,200,N,@,0
46849000,657100,200,T,@,0
46849000,657100,200,T,@,0
46849000,657100,200,T,@,0
46849000,657100,100,T,@,0
46849000,657100,200,J,@,0
46849000,657100,756,N,@,0
46849000,657100,200,J,@,0
46849000,657100,200,J,@,0
46850000,657100,100,J,F,0
46853000,657200,100,P,@,0
46853000,657200,100,P,F,0
46856000,657300,200,N,F,0
46856000,657400,300,N,F,0
46859000,657200,100,D,@,0
46864000,657300,100,T,@,0
46864000,657300,100,N,@,0
46864000,657200,100,J,@,0
46864000,657200,200,N,F,0
46864000,657200,100,D,@,0
46866000,657200,100,N,F,0
46866000,657200,100,P,F,0
46866000,657200,100,J,F,0
46867000,657200,100,J,F,0
46868000,657200,100,D,@,0
46871000,657500,100,T,F,0
46871000,657500,100,T,F,0
46871000,657500,100,T,F,0
46871000,657500,200,T,F,0
46871000,657500,100,N,@,0
46871000,657600,200,T,F,0
46871000,657600,200,T,F,0
46871000,657600,100,T,F,0
46871000,657500,100,J,@,0
46872000,657500,100,D,F,0
46872000,657500,100,N,F,0
46872000,657500,100,N,F,0
46873000,657500,100,N,F,0
46873000,657500,100,N,F,0
46873000,657500,100,T,F,0
46873000,657500,100,T,@,0
46873000,657500,100,T,@,0
46873000,657500,100,T,F,0
46873000,657500,100,T,@,0
46880000,657900,200,T,F,0
46880000,657800,200,N,F,0
46880000,657900,200,T,F,0
46880000,657900,200,T,F,0
46880000,657900,200,T,F,0
46880000,657900,100,Z,F,0
46880000,657900,1213,N,F,0
46880000,657900,200,J,F,0
46880000,657900,200,J,F,0
46880000,657900,200,J,F,0
46880000,657900,113,J,@,0
46889000,657800,100,J,F,0
46889000,657800,100,N,F,0
46891000,657800,100,D,@,0
46891000,657600,100,N,@,0
46897000,657900,100,T,F,0
46897000,657900,100,N,F,0
46898000,657900,100,T,F,0
46898000,657900,500,T,F,0
46898000,657900,100,T,@,0
46898000,657900,100,K,F,0
46898000,657900,100,K,@,0
46898000,657900,100,K,@,0
46898000,657900,100,K,@,0
46898000,657900,100,K,F,0
46907000,658000,100,Z,F,0
46907000,658000,100,N,F,0
46920000,658000,100,N,@,0
46924000,657900,100,J,@,0
46927000,658200,100,D,@,0
46928000,658300,100,Z,@,0
46931000,658300,200,N,@,0
46931000,658300,100,P,F,0
46932000,658300,100,N,F,0
46932000,658200,100,J,@,0
46932000,658200,100,J,@,0
46932000,658200,100,J,@,0
46936000,658200,100,J,@,0
46936000,658300,600,J,F,0
46936000,658300,200,J,@,0
46944000,658100,100,N,@,0
46946000,658000,100,N,@,0
46950000,658200,100,T,F,0
46950000,658200,100,T,F,0
46950000,658200,100,T,F,0
46950000,658200,100,T,F,0
46950000,658200,100,T,F,0
46950000,658200,100,T,F,0
46950000,658200,100,T,F,0
46950000,658200,300,D,@,0
46952000,658200,113,P,F,0
46952000,658200,100,Z,F,0
46959000,658300,100,T,F,0
46959000,658400,100,N,F,0
46959000,658400,100,J,F,0
46966000,658400,100,D,F,0
46973000,658500,100,N,@,0
47002000,658700,300,B,F,0
47002000,658700,300,B,@,0
47004000,658700,500,B,@,0
47004000,658700,100,B,@,0
47004000,658700,100,B,F,0
47009000,658800,400,N,F,0
47009000,658800,100,N,F,0
47009000,658800,389,P,@,0
47009000,658800,100,N,F,0
47020000,658900,100,J,@,0
47020000,658900,100,J,@,0
47020000,658900,100,J,@,0
47020000,659000,100,N,@,0
47020000,659000,100,N,F,0
47020000,659000,100,N,@,0
47020000,659000,100,Z,@,0
47020000,658900,100,Z,@,0
47025000,658800,200,Z,@,0
47026000,658800,100,Z,F,0
47026000,658800,100,Z,@,0
47044000,658800,100,T,F,0
47044000,658800,100,N,F,0
47044000,658700,300,T,F,0
47044000,658700,100,N,F,0
47044000,658700,100,J,F,0
47046000,658700,200,T,F,0
47072000,658800,300,K,@,0
47096000,658800,100,B,F,0
47096000,658800,400,J,F,0
47096000,658800,100,J,@,0
47097000,658400,100,T,@,0
47097000,658400,200,Z,@,0
47097000,658400,200,N,@,0
47159000,658400,100,N,@,0
47198000,658300,100,P,F,0
47215000,658300,100,N,@,0
47220000,658400,100,Z,@,0
47233000,658500,100,T,F,0
47233000,658500,100,D,@,0
47233000,658500,100,D,@,0
47233000,658500,100,D,@,0
47233000,658500,100,D,@,0
47233000,658500,100,D,@,0
47238000,658400,200,P,F,0
47238000,658400,100,N,F,0
47247000,658500,600,J,F,0
47393000,658500,100,T,F,0
47405000,658700,100,T,F,0
47405000,658700,100,N,F,0
47429000,659000,100,K,@,0
47446000,659200,100,D,F,0
47463000,659200,100,Z,F,0
47506000,659700,100,D,F,0
47551000,659600,100,J,F,0
47551000,659600,100,Z,@,0
47562000,659600,100,N,@,0
47562000,659600,200,T,F,0
47562000,659600,100,T,@,0
47562000,659600,100,D,@,0
47621000,659700,100,N,F,0
47621000,659700,100,K,F,0
47621000,659600,100,N,@,0
47746000,659800,100,N,F,0
47768000,659800,100,T,@,0
47768000,659800,100,K,@,0
47789000,659800,100,P,@,0
47823000,659800,300,T,@,0
47823000,659800,100,T,F,0
47889000,659900,100,P,@,0
47980000,659700,200,N,F,0
48000000,659400,100,Z,F,0
48006000,659400,100,T,@,0
48006000,659400,100,T,@,0
48006000,659400,100,K,@,0
48040000,659300,100,J,F,0
48101000,659400,100,T,F,0
48101000,659400,100,N,F,0
48102000,659400,100,P,@,0
48102000,659400,100,P,@,0
48102000,659400,100,P,@,0
48102000,659400,100,K,@,0
48104000,659400,100,D,@,0
48109000,659800,200,N,@,0
48109000,659800,100,K,@,0
48112000,659900,100,D,@,0
48118000,659700,100,Z,@,0
48150000,659500,100,N,@,0
48166000,659500,100,P,F,0
48166000,659500,100,N,F,0
48169000,659400,100,N,@,0
48169000,659300,125,N,@,0
48204000,659300,180,D,@,0
48204000,659200,200,N,@,0
48204000,659200,100,T,F,0
48204000,659200,100,T,@,0
48212000,659100,100,N,@,0
48253000,658500,100,N,@,0
48264000,658400,100,N,F,0
48325000,658200,100,K,F,0
48326000,658200,100,D,@,0
48328000,658300,100,D,@,0
48395000,658300,100,T,F,0
48407000,658300,100,T,F,0
48462000,658200,100,N,F,0
48477000,658200,555,D,@,0
48498000,658200,294,T,@,0
48498000,658200,100,N,@,0
48518000,657800,100,N,@,0
48536000,657700,200,N,@,0
48542000,657800,113,N,@,0
48542000,657800,274,N,@,0
48566000,658000,100,D,@,0
48587000,658100,100,N,F,0
48607000,658100,100,N,F,0
48607000,658100,100,N,@,0
48707000,658400,100,N,F,0
48719000,658400,100,P,@,0
48719000,658400,100,N,@,0
48719000,658400,100,K,@,0
48719000,658400,100,N,@,0
48755000,658600,200,N,@,0
48775000,658900,100,D,F,0
48828000,658800,100,N,F,0
48828000,658800,200,N,@,0
48868000,658900,100,P,@,0
48868000,658900,100,P,@,0
48868000,658900,100,N,@,0
48868000,658900,100,D,@,0
48888000,659300,100,N,F,0
48890000,659400,100,D,@,0
48897000,659200,100,J,F,0
48922000,659200,100,N,@,0
48993000,659200,100,Z,@,0
48993000,659200,100,P,@,0
48993000,659300,174,N,@,0
49044000,659500,100,T,@,0
49044000,659500,200,Z,@,0
49044000,659500,300,N,@,0
49044000,659500,100,J,@,0
49044000,659500,100,K,@,0
49044000,659500,100,D,@,0
49049000,659300,100,D,@,0
49049000,659400,130,N,@,0
49068000,659300,100,T,@,0
49069000,659300,100,T,F,0
49070000,659300,100,T,F,0
49140000,659300,200,N,@,0
49141000,659300,100,T,F,0
49142000,659300,100,N,@,0
49155000,659500,100,Z,@,0
49195000,659800,100,D,F,0
49202000,659700,100,N,F,0
49236000,659800,100,N,@,0
49236000,659800,100,P,@,0
49236000,659800,100,N,@,0
49236000,659800,100,N,@,0
49252000,659600,100,D,@,0
49291000,659400,100,N,@,0
49336000,659700,100,N,@,0
49364000,659100,100,X,F,0
49364000,659400,100,K,F,0
49371000,659100,200,T,F,0
49371000,659100,100,T,@,0
49375000,659100,104,N,@,0
49414000,659000,100,N,@,0
49415000,659100,100,D,@,0
49468000,659300,100,N,F,0
49488000,659400,100,N,F,0
49517000,659500,100,K,@,0
49519000,659400,100,N,@,0
49519000,659400,100,Y,F,0
49519000,659400,100,D,@,0
49564000,659400,100,D,@,0
49564000,659400,100,D,@,0
49564000,659400,100,D,@,0
49598000,659100,100,T,@,0
49629000,659300,100,N,@,0
49636000,659300,200,N,@,0
49636000,659300,100,B,@,0
49636000,659300,100,K,@,0
49636000,659300,100,K,@,0
49637000,659400,100,P,F,0
49637000,659400,100,N,@,0
49637000,659400,100,N,@,0
49637000,659300,100,K,F,0
49715000,659600,100,Z,@,0
49718000,659700,100,N,@,0
49728000,659800,100,N,F,0
49794000,660000,100,D,F,0
49804000,660000,200,N,@,0
49804000,660000,100,N,@,0
49804000,660000,100,N,@,0
49804000,660000,100,N,@,0
49804000,660000,400,N,@,0
49804000,660000,100,P,@,0
49804000,660000,100,N,@,0
49804000,660000,100,N,@,0
49804000,660000,100,N,@,0
49804000,660000,100,N,@,0
49805000,660000,100,D,@,0
49805000,660000,100,D,@,0
49805000,660000,100,D,@,0
49805000,660000,100,D,@,0
49805000,660000,100,N,@,0
49805000,660000,100,N,@,0
49805000,660000,100,D,@,0
49806000,660000,100,D,F,0
49806000,659900,100,B,F,0
49813000,660000,100,D,F,0
49826000,659900,300,N,@,0
49928000,659700,100,Y,F,0
49949000,659600,100,N,F,0
49982000,659600,100,P,@,0
50060000,659500,200,T,@,0
50060000,659500,100,Y,F,0
50101000,659000,100,N,F,0
50188000,659000,100,N,@,0
50199000,659000,300,N,@,0
50199000,659000,100,N,@,0
50219000,658900,100,Z,F,0
50284000,658600,100,P,@,0
50284000,658600,100,N,F,0
50284000,658600,200,Z,F,0
50284000,658600,100,Z,F,0
50284000,658600,200,Z,@,0
50284000,658600,200,Z,@,0
50284000,658600,100,Z,F,0
50284000,658600,100,Z,F,0
50284000,658600,100,Z,F,0
50284000,658700,100,P,@,0
50284000,658700,100,D,@,0
50343000,658800,100,P,@,0
50359000,658700,100,Y,F,0
50377000,658500,100,T,@,0
50377000,658600,100,T,@,0
50393000,658600,100,K,F,0
50401000,658500,100,N,@,0
50412000,658200,100,N,@,0
50412000,658100,500,N,F,0
50412000,658300,100,K,@,0
50417000,658000,100,N,@,0
50423000,658100,100,T,F,0
50461000,658100,100,N,@,0
50461000,658000,105,K,@,0
50481000,658100,100,K,F,0
50492000,658000,150,D,@,0
50642000,658200,100,N,F,0
50642000,658200,100,P,@,0
50642000,658200,100,Z,@,0
50642000,658100,100,D,@,0
50642000,658300,100,D,F,0
50750000,658200,100,N,@,0
50806000,658100,100,N,@,0
50812000,658200,100,D,@,0
50868000,658000,100,T,F,0
50869000,658000,100,T,@,0
50869000,658100,100,D,@,0
50869000,658100,100,D,@,0
50870000,658000,100,N,F,0
50871000,658000,100,Z,@,0
50876000,658000,100,N,F,0
50877000,658100,100,T,@,0
50883000,657900,100,P,F,0
50883000,658200,100,D,@,0
50912000,657800,100,K,@,0
50912000,657900,100,D,@,0
50970000,657700,100,N,F,0
51008000,657900,200,N,@,0
51016000,658000,100,N,@,0
51019000,658000,100,N,@,0
51045000,658000,200,N,F,0
51050000,658100,100,N,F,0
51050000,658100,100,T,@,0
51050000,658000,100,D,@,0
51053000,658200,100,D,@,0
51079000,657900,100,T,F,0
51079000,657800,100,Y,F,0
51079000,657800,200,N,F,0
51079000,657900,100,D,@,0
51144000,657900,100,N,F,0
51146000,657900,100,D,@,0
51207000,657900,155,N,@,0
51214000,657800,100,T,F,0
51214000,657800,300,N,F,0
51214000,657800,100,T,@,0
51214000,657800,100,K,@,0
51214000,657800,100,K,@,0
51214000,657800,100,K,F,0
51215000,657900,100,D,@,0
51215000,657900,100,D,@,0
51219000,657600,100,N,@,0
51220000,657700,100,D,@,0
51227000,657700,100,Z,F,0
51253000,657800,300,N,F,0
51253000,657800,100,N,@,0
51253000,657800,100,D,@,0
51253000,657800,100,N,@,0
51285000,657700,100,T,@,0
51285000,657800,100,D,@,0
51285000,657600,100,D,@,0
51300000,657700,200,T,@,0
51302000,657700,100,Y,@,0
51319000,657600,100,Z,F,0
51345000,657400,100,N,@,0
51364000,657200,100,B,@,0
51364000,657200,100,N,@,0
51364000,657100,100,D,@,0
51365000,657000,100,D,@,0
51365000,657000,100,D,@,0
51365000,657000,100,D,@,0
51365000,657000,100,D,@,0
51365000,657000,100,D,@,0
51365000,657000,800,N,@,0
51365000,657000,100,J,@,0
51365000,657000,100,J,@,0
51365000,656900,100,D,@,0
51368000,656900,303,N,@,0
51369000,656900,174,N,F,0
51373000,656900,100,N,F,0
51405000,656700,100,N,@,0
51416000,656900,100,N,@,0
51416000,657000,100,N,F,0
51425000,657000,100,N,F,0
51500000,657000,100,Y,@,0
51500000,657000,100,D,@,0
51500000,657000,100,D,@,0
51501000,657000,100,D,@,0
51502000,657000,100,D,@,0
51502000,657000,300,N,@,0
51543000,657000,100,P,@,0
51581000,657000,100,P,F,0
51581000,657000,100,K,F,0
51581000,657000,100,D,@,0
51581000,657000,100,N,@,0
51582000,657000,100,T,F,0
51582000,657000,100,T,@,0
51582000,657000,100,P,@,0
51590000,657000,100,D,F,0
51592000,657000,100,T,F,0
51592000,657000,100,T,F,0
51592000,657100,100,N,F,0
51592000,657100,100,N,@,0
51592000,657000,100,D,@,0
51592000,657200,100,T,@,0
51593000,657100,100,T,F,0
51593000,657000,200,N,@,0
51593000,657000,400,N,@,0
51593000,657000,100,K,@,0
51593000,657000,200,N,F,0
51594000,657000,200,N,F,0
51594000,657000,200,N,@,0
51594000,657000,100,N,@,0
51594000,657000,100,N,@,0
51596000,657000,200,N,@,0
51598000,657000,136,N,@,0
51632000,657200,100,Z,@,0
51686000,657400,178,N,@,0
51686000,657400,100,Z,F,0
51686000,657400,100,Z,@,0
51710000,657400,100,N,F,0
51728000,657500,100,K,@,0
51728000,657500,200,K,@,0
51744000,657500,100,D,@,0
51770000,657800,100,D,F,0
51771000,657800,100,T,F,0
51781000,657600,100,K,@,0
51789000,657600,100,J,F,0
51804000,657400,200,T,@,0
51845000,657500,169,T,F,0
51845000,657400,100,Y,@,0
51881000,657200,100,N,@,0
51927000,657100,100,K,@,0
52082000,657200,300,N,F,0
52082000,657200,100,P,@,0
52090000,657300,100,N,F,0
52131000,657200,100,K,@,0
52179000,657300,200,N,@,0
52198000,657100,103,N,@,0
52198000,657000,100,N,F,0
52214000,657100,100,N,F,0
52214000,657100,100,D,@,0
52269000,657300,100,D,F,0
52284000,657300,100,N,@,0
52284000,657300,100,P,@,0
52284000,657300,100,D,@,0
52296000,657400,200,N,@,0
52303000,657300,149,N,F,0
52356000,657500,100,K,F,0
52356000,657400,100,N,@,0
52357000,657500,100,K,F,0
52357000,657500,100,K,@,0
52357000,657500,100,D,@,0
52360000,657500,100,D,@,0
52360000,657500,100,N,@,0
52365000,657500,100,D,@,0
52377000,657500,300,N,@,0
52389000,657500,100,N,@,0
52409000,657500,100,N,@,0
52431000,657600,100,K,F,0
52443000,657500,100,Y,@,0
52503000,657800,100,T,@,0
52507000,657600,200,T,F,0
52507000,657600,100,Z,F,0
52507000,657600,100,T,@,0
52507000,657600,200,N,F,0
52507000,657600,100,K,@,0
52508000,657400,200,N,@,0
52521000,657400,100,N,@,0
52523000,657400,100,P,@,0
52523000,657400,100,N,@,0
52523000,657400,100,N,@,0
52523000,657400,100,K,@,0
52561000,657300,100,N,@,0
52561000,657300,700,K,@,0
52561000,657300,100,J,@,0
52562000,657200,100,N,@,0
52574000,657000,100,N,F,0
52606000,657100,100,N,@,0
52612000,657100,100,K,F,0
52612000,657100,100,D,@,0
52628000,657100,100,K,F,0
52629000,657100,100,N,@,0
52670000,657200,100,T,F,0
52676000,657200,100,T,@,0
52708000,657200,100,N,@,0
52718000,657300,100,N,F,0
52718000,657300,100,D,@,0
52720000,657300,100,N,@,0
52762000,656900,100,N,@,0
52777000,656800,100,N,F,0
52795000,656700,100,N,F,0
52795000,656700,100,N,@,0
52801000,656800,100,Z,F,0
52803000,656900,100,N,F,0
52804000,656900,100,T,@,0
52804000,656900,100,N,@,0
52804000,656800,100,N,F,0
52804000,656800,100,P,@,0
52833000,656800,100,P,@,0
52833000,656800,100,K,@,0
52833000,656800,100,N,@,0
52839000,656700,200,N,@,0
52861000,656600,100,N,F,0
52867000,656400,100,K,F,0
52873000,656700,100,N,F,0
52891000,656600,100,N,@,0
52895000,656700,100,N,@,0
52908000,656800,100,P,@,0
52908000,656800,100,N,@,0
52908000,656900,100,N,@,0
52939000,657000,200,N,@,0
52971000,657300,100,D,F,0
52977000,657300,100,N,@,0
53007000,657300,100,K,F,0
53007000,657400,100,K,@,0
53008000,657300,100,K,@,0
53043000,657200,100,N,@,0
53043000,657100,100,J,@,0
53054000,657000,100,N,@,0
53054000,657000,100,D,@,0
53072000,656900,100,K,F,0
53108000,656800,100,Z,@,0
53108000,656800,100,N,@,0
53108000,656800,100,K,@,0
53108000,656800,100,K,@,0
53108000,656800,100,D,@,0
53151000,656900,100,N,F,0
53157000,656900,100,N,F,0
53160000,656800,100,D,@,0
53188000,656800,100,Y,F,0
53190000,656800,200,T,F,0
53190000,656800,100,T,F,0
53190000,656800,100,Z,F,0
53190000,656800,100,K,@,0
53190000,656900,100,D,@,0
53192000,656600,100,T,@,0
53192000,656600,100,N,@,0
53198000,656600,100,J,@,0
53201000,656600,100,D,@,0
53207000,656700,100,N,@,0
53207000,656800,100,N,@,0
53207000,656700,100,N,@,0
53232000,656700,100,T,F,0
53238000,656700,100,N,@,0
53238000,656800,300,N,F,0
53245000,656800,100,N,F,0
53245000,656800,100,P,@,0
53245000,656800,500,N,@,0
53258000,656900,215,N,@,0
53273000,657000,100,D,@,0
53275000,656900,100,N,@,0
53319000,656800,100,P,@,0
53339000,656800,400,N,@,0
53340000,656900,100,N,F,0
53340000,656900,100,Z,@,0
53379000,657300,100,N,F,0
53405000,657300,100,P,@,0
53410000,657500,120,K,@,0
53410000,657500,100,K,@,0
53410000,657600,100,N,@,0
53410000,657500,100,N,F,0
53412000,657500,100,T,F,0
53415000,657500,100,N,F,0
53434000,657600,100,K,@,0
53445000,657600,100,K,@,0
53445000,657700,100,N,@,0
53451000,657800,100,N,F,0
53451000,657800,400,N,@,0
53451000,657800,100,K,F,0
53451000,657900,100,K,F,0
53452000,658000,100,T,@,0
53452000,658000,200,N,@,0
53469000,658100,100,N,@,0
53497000,658100,200,N,@,0
53511000,658200,100,T,@,0
53511000,658100,100,K,F,0
53511000,658100,100,K,@,0
53560000,658100,100,D,@,0
53563000,658100,100,T,@,0
53565000,658100,100,N,@,0
53599000,658100,142,N,@,0
53603000,658000,100,N,F,0
53640000,658000,300,D,@,0
53669000,658000,100,P,F,0
53669000,658000,100,P,F,0
53679000,658000,100,K,F,0
53683000,657900,100,D,@,0
53688000,657900,100,Y,F,0
53688000,657900,100,Y,F,0
53688000,657900,200,N,F,0
53688000,657900,100,J,F,0
53689000,657900,100,D,@,0
53702000,657900,100,D,@,0
53703000,658000,100,K,F,0
53703000,658000,100,K,F,0
53703000,658000,100,K,F,0
53703000,658000,100,D,@,0
53719000,658400,100,T,F,0
53723000,658500,100,N,@,0
53726000,658500,100,P,@,0
53726000,658500,100,K,@,0
53726000,658500,100,K,@,0
53727000,658600,100,K,F,0
53747000,658700,100,D,@,0
53752000,658700,100,N,F,0
53763000,658600,100,N,F,0
53763000,658700,100,D,@,0
53764000,658500,100,Y,F,0
53766000,658500,100,D,@,0
53774000,658700,100,N,@,0
53776000,658700,100,N,@,0
53780000,658700,100,N,@,0
53788000,658600,100,K,@,0
53788000,658600,100,K,@,0
53825000,658800,300,N,@,0
53835000,658700,100,K,F,0
53872000,658700,204,N,F,0
53872000,658800,100,D,@,0
53881000,658800,100,D,F,0
53883000,658700,100,D,@,0
53883000,658800,100,D,F,0
53906000,658800,100,N,F,0
53927000,658800,100,P,F,0
53927000,658800,100,N,F,0
53927000,658800,100,K,F,0
53928000,658900,300,N,@,0
53941000,659000,100,N,F,0
53941000,659000,800,N,@,0
53953000,659100,100,B,@,0
53970000,659100,100,B,@,0
53970000,659100,400,N,@,0
53981000,659000,200,N,F,0
53987000,659000,100,N,@,0
54002000,659000,100,J,@,0
54018000,658900,167,N,F,0
54018000,658900,200,T,@,0
54018000,659000,100,D,@,0
54018000,658800,100,J,F,0
54020000,658600,100,J,F,0
54020000,658700,100,N,@,0
54021000,658700,100,N,@,0
54022000,658600,200,N,@,0
54060000,658500,100,N,@,0
54060000,658500,100,J,@,0
54069000,658300,100,N,@,0
54069000,658300,100,N,F,0
54079000,658100,100,Z,@,0
54081000,658200,100,N,F,0
54092000,658400,200,N,@,0
54094000,658500,200,N,@,0
54094000,658500,100,K,F,0
54095000,658500,100,K,@,0
54112000,658600,100,N,F,0
54131000,658500,100,N,F,0
54141000,658300,100,N,@,0
54162000,658200,100,N,@,0
54162000,658200,100,T,@,0
54162000,658300,100,D,@,0
54163000,658200,100,D,@,0
54170000,658200,100,N,@,0
54170000,658200,100,N,F,0
54174000,658100,124,N,@,0
54196000,658000,100,D,@,0
54204000,658200,200,N,@,0
54208000,658200,100,P,@,0
54208000,658200,176,N,@,0
54208000,658200,100,K,@,0
54208000,658200,100,D,@,0
54213000,658300,100,N,F,0
54213000,658300,100,K,F,0
54213000,658300,100,K,F,0
54220000,658500,100,Z,@,0
54220000,658500,100,N,@,0
54237000,658600,100,N,F,0
54263000,658700,100,T,F,0
54263000,658700,100,N,@,0
54267000,658800,100,N,@,0
54268000,658800,100,K,@,0
54268000,658800,100,K,F,0
54269000,658800,100,N,F,0
54269000,658800,200,N,@,0
54269000,658800,100,N,F,0
54269000,658800,200,N,F,0
54269000,658800,100,T,@,0
54269000,658800,100,X,@,0
54269000,658800,100,Y,@,0
54269000,658800,100,Z,@,0
54269000,658900,100,D,@,0
54269000,658700,100,T,@,0
54269000,658700,200,N,@,0
54269000,658700,100,D,@,0
54269000,658700,100,D,@,0
54271000,658400,100,N,@,0
54271000,658400,100,N,@,0
54271000,658400,100,K,@,0
54301000,658500,100,T,@,0
54301000,658500,100,T,@,0
54318000,658500,100,Z,F,0
54318000,658500,100,T,F,0
54318000,658500,100,T,F,0
54318000,658500,199,Y,@,0
54318000,658500,100,N,F,0
54318000,658500,100,T,@,0
54320000,658500,100,D,@,0
54320000,658600,100,K,F,0
54326000,658700,100,T,F,0
54344000,658700,100,N,@,0
54352000,658500,100,J,F,0
54352000,658500,100,J,F,0
54355000,658400,100,N,@,0
54356000,658300,100,T,@,0
54356000,658300,100,N,@,0
54356000,658400,100,D,@,0
54369000,658200,100,N,F,0
54391000,658100,100,N,@,0
54391000,658200,100,N,F,0
54392000,658200,100,K,F,0
54413000,658200,100,N,@,0
54419000,658200,100,N,@,0
54439000,658100,100,D,@,0
54440000,658000,100,N,@,0
54461000,657900,200,N,@,0
54461000,657900,100,N,@,0
54473000,658000,100,N,@,0
54476000,657800,100,N,F,0
54501000,657900,100,P,@,0
54501000,657900,100,N,@,0
54501000,657900,100,K,@,0
54501000,657900,100,K,F,0
54501000,658000,100,N,@,0
54501000,657900,100,D,@,0
54529000,657900,100,N,F,0
54536000,657800,100,T,@,0
54536000,657600,100,N,@,0
54536000,657800,100,D,@,0
54552000,657300,100,N,F,0
54552000,657300,100,N,F,0
54553000,657200,100,N,@,0
54579000,657100,100,T,@,0
54579000,657100,100,N,@,0
54589000,656800,100,N,@,0
54589000,656700,100,D,@,0
54595000,656600,100,N,F,0
54597000,656700,100,N,F,0
54602000,656600,100,Z,F,0
54618000,656700,100,P,@,0
54618000,656700,100,T,@,0
54618000,656700,100,Z,F,0
54618000,656700,100,Z,F,0
54619000,656800,100,N,F,0
54619000,656800,100,N,@,0
54619000,656900,100,P,@,0
54621000,657000,300,N,@,0
54624000,657000,161,N,@,0
54626000,657000,100,D,@,0
54658000,657000,100,N,F,0
54658000,657100,100,D,@,0
54660000,657300,100,Y,F,0
54700000,657300,100,T,F,0
54700000,657300,100,N,F,0
54708000,657500,100,T,@,0
54708000,657500,100,P,@,0
54708000,657500,100,N,@,0
54713000,657600,100,N,F,0
54713000,657600,200,N,F,0
54716000,657700,166,D,@,0
54716000,657700,100,D,@,0
54717000,657600,200,N,F,0
54717000,657600,100,T,@,0
54717000,657600,100,Z,@,0
54717000,657600,100,Z,@,0
54720000,657600,100,Z,@,0
54720000,657600,100,Z,@,0
54722000,657600,100,Y,@,0
54724000,657700,100,D,@,0
54726000,657700,100,Y,@,0
54769000,657500,100,N,F,0
54777000,657600,200,N,F,0
54798000,657500,100,Z,@,0
54798000,657500,100,N,@,0
54815000,657600,100,T,F,0
54815000,657600,100,K,F,0
54815000,657600,400,K,@,0
54815000,657600,400,K,@,0
54829000,657400,100,T,F,0
54838000,657400,100,N,@,0
54838000,657400,200,N,@,0
54838000,657500,100,D,@,0
54844000,657400,100,N,F,0
54859000,657200,100,T,@,0
54871000,657200,100,P,@,0
54871000,657200,200,N,@,0
54871000,657200,100,D,@,0
54886000,657300,100,Z,@,0
54914000,656900,100,N,F,0
54921000,657000,100,N,F,0
54921000,657100,100,N,F,0
54921000,657100,100,D,@,0
54926000,657000,100,N,@,0
54928000,657000,200,N,F,0
54934000,657000,100,P,F,0
54944000,657000,140,N,@,0
54963000,657100,100,K,F,0
54963000,657100,100,K,@,0
54963000,657100,100,K,@,0
54967000,657200,100,N,@,0
54973000,657200,100,N,@,0
54982000,657200,200,N,@,0
54988000,657200,100,N,F,0
54999000,657100,100,K,F,0
54999000,657000,100,N,F,0
54999000,657000,100,N,F,0
54999000,657000,100,N,@,0
55001000,656900,100,N,@,0
55007000,656900,100,T,F,0
55007000,656900,100,T,@,0
55008000,656700,100,N,F,0
55008000,656600,100,N,@,0
55010000,656600,100,N,F,0
55010000,656700,100,N,F,0
55012000,656500,100,T,F,0
55014000,656500,100,T,F,0
55014000,656500,614,N,@,0
55014000,656600,100,N,@,0
55014000,656600,100,D,@,0
55021000,656300,100,T,F,0
55024000,656200,100,T,F,0
55027000,656100,100,N,@,0
55027000,656100,100,N,@,0
55029000,656100,100,N,F,0
55030000,656000,100,N,F,0
55036000,656000,100,T,F,0
55036000,656000,188,N,@,0
55036000,656000,100,T,@,0
55036000,656000,1000,Z,@,0
55036000,655900,100,N,@,0
55046000,655800,100,Y,F,0
55057000,655800,200,N,@,0
55057000,655800,100,J,F,0
55059000,655500,100,N,@,0
55059000,655600,300,N,F,0
55059000,655600,100,T,@,0
55059000,655700,100,N,F,0
55061000,655700,100,N,@,0
55065000,655800,100,P,F,0
55065000,655800,200,N,F,0
55065000,655800,100,N,@,0
55066000,655800,100,N,@,0
55066000,655800,100,D,@,0
55090000,655700,128,N,F,0
55090000,655700,100,J,F,0
55091000,655500,100,J,F,0
55092000,655500,100,B,@,0
55092000,655500,100,T,@,0
55092000,655500,100,T,@,0
55120000,655500,100,B,F,0
55129000,655400,100,N,F,0
55136000,655200,100,D,@,0
55136000,655200,100,D,@,0
55136000,655200,100,D,@,0
55136000,655200,100,D,@,0
55136000,655200,100,D,@,0
55137000,655200,100,D,@,0
55138000,655200,100,D,@,0
55138000,655000,100,B,F,0
55138000,655200,200,N,@,0
55143000,655300,100,P,@,0
55143000,655300,115,N,@,0
55145000,655300,100,B,F,0
55145000,655300,100,N,@,0
55145000,655400,100,N,F,0
55149000,655400,100,N,@,0
55161000,655300,100,N,@,0
55161000,655200,100,N,F,0
55162000,655200,300,N,F,0
55162000,655100,100,N,F,0
55162000,655200,100,Z,@,0
55162000,655100,100,Y,F,0
55169000,655000,142,K,@,0
55181000,655000,100,N,F,0
55181000,655000,100,N,@,0
55182000,655100,100,Z,@,0
55189000,655000,200,K,F,0
55189000,655000,358,K,@,0
55200000,654900,100,N,F,0
55200000,654700,100,N,@,0
55200000,654700,100,N,@,0
55200000,654700,100,N,@,0
55206000,654600,100,J,@,0
55214000,654500,100,N,@,0
55215000,654400,100,N,@,0
55231000,654100,100,N,@,0
55231000,654100,100,K,F,0
55232000,654200,100,N,@,0
55232000,654200,100,Z,@,0
55237000,654300,100,T,@,0
55237000,654300,100,T,@,0
55237000,654300,100,N,@,0
55237000,654200,100,N,@,0
55239000,654300,100,D,@,0
55241000,654000,199,Y,@,0
55257000,653900,100,N,@,0
55257000,653900,100,N,@,0
55259000,654000,100,D,@,0
55266000,653800,100,N,@,0
55268000,653900,100,P,F,0
55268000,653900,100,P,F,0
55268000,653900,100,K,@,0
55286000,653900,100,Z,@,0
55286000,653900,100,N,@,0
55286000,654000,100,N,F,0
55287000,654100,100,N,@,0
55297000,654200,300,N,@,0
55299000,654200,100,N,F,0
55302000,654300,100,N,@,0
55303000,654300,100,N,@,0
55303000,654300,100,K,@,0
55318000,654500,100,N,F,0
55328000,654500,200,N,@,0
55332000,654600,200,N,F,0
55333000,654600,100,N,F,0
55336000,654600,100,Z,@,0
55337000,654500,100,N,@,0
55339000,654300,100,N,@,0
55342000,654300,100,B,@,0
55345000,654300,100,Z,@,0
55345000,654300,100,Z,@,0
55349000,654200,100,B,@,0
55349000,654200,100,D,@,0
55352000,654200,100,B,@,0
55358000,654200,100,N,@,0
55365000,654100,100,D,@,0
55375000,654000,100,N,F,0
55375000,653900,200,N,@,0
55375000,653700,100,N,F,0
55394000,653900,100,K,F,0
55398000,653900,100,T,F,0
55398000,654000,100,Z,@,0
55398000,653900,100,T,@,0
55398000,654000,100,D,@,0
55399000,654000,100,D,@,0
55410000,654000,100,D,@,0
55410000,654100,100,N,F,0
55414000,654200,100,T,@,0
55414000,654200,100,T,@,0
55415000,654400,100,N,@,0
55422000,654500,100,N,@,0
55428000,654600,100,N,@,0
55438000,654500,100,N,@,0
55439000,654700,100,Y,F,0
55440000,654300,100,Y,@,0
55448000,654500,100,T,@,0
55448000,654500,100,D,@,0
55452000,654500,100,T,F,0
55455000,654300,100,N,@,0
55461000,654400,100,T,F,0
55466000,654400,100,P,F,0
55481000,654400,100,T,F,0
55481000,654400,100,T,F,0
55481000,654400,100,Y,F,0
55481000,654400,100,Y,@,0
55481000,654400,100,T,@,0
55481000,654400,100,Y,@,0
55481000,654400,100,D,@,0
55481000,654400,100,D,@,0
55481000,654400,100,D,@,0
55481000,654400,100,D,@,0
55481000,654400,100,D,@,0
55481000,654400,100,D,@,0
55481000,654400,100,D,@,0
55485000,654200,100,J,@,0
55500000,654100,100,D,@,0
55502000,654300,100,N,F,0
55502000,654300,200,N,@,0
55502000,654300,100,T,@,0
55502000,654300,100,T,@,0
55530000,654200,100,Z,@,0
55546000,654200,100,Y,F,0
55546000,654200,100,D,F,0
55553000,653900,100,N,F,0
55554000,653800,120,D,@,0
55575000,653800,100,N,F,0
55590000,653500,100,Y,@,0
55618000,653600,100,Z,@,0
55618000,653700,106,N,@,0
55624000,653700,100,Z,@,0
55624000,653700,100,P,@,0
55624000,653700,300,N,@,0
55624000,653800,100,N,F,0
55624000,653700,100,D,@,0
55624000,653700,100,Z,@,0
55642000,653700,100,N,@,0
55645000,653800,100,D,@,0
55645000,653800,100,D,@,0
55646000,653800,100,D,@,0
55650000,653700,100,N,@,0
55650000,653800,100,T,F,0
55650000,653800,100,K,F,0
55651000,653900,100,T,@,0
55656000,654000,200,N,F,0
55705000,653900,200,N,@,0
55707000,654000,100,K,F,0
55707000,654000,100,K,@,0
55719000,654200,100,T,@,0
55719000,654200,100,T,@,0
55719000,654100,100,T,@,0
55719000,654100,100,T,F,0
55734000,654000,100,B,@,0
55734000,654000,100,T,@,0
55734000,654000,100,N,@,0
55739000,654100,100,N,@,0
55739000,654100,100,K,F,0
55739000,654100,100,K,F,0
55739000,654200,100,P,F,0
55741000,654200,100,B,@,0
55741000,654300,100,N,@,0
55766000,654200,100,T,@,0
55767000,654200,100,D,@,0
55773000,654300,100,P,F,0
55773000,654500,100,D,@,0
55775000,654300,100,D,@,0
55785000,654300,100,T,@,0
55785000,654300,100,D,@,0
55800000,654200,100,N,@,0
55801000,654100,100,N,@,0
55801000,654100,100,N,@,0
55804000,653900,100,N,@,0
55807000,653900,100,N,F,0
55808000,653900,100,Z,@,0
55810000,653800,100,P,F,0
55810000,653800,100,P,F,0
55810000,653800,100,Y,@,0
55812000,653800,115,D,@,0
55816000,653700,100,Z,F,0
55826000,653600,100,N,@,0
55826000,653700,100,D,@,0
55830000,653700,100,P,@,0
55834000,653800,100,N,@,0
55851000,653800,123,N,@,0
55851000,653900,100,D,@,0
55852000,653900,100,Z,@,0
55852000,653900,100,T,@,0
55856000,654100,100,Z,@,0
55856000,654100,100,Z,@,0
55856000,654100,100,K,@,0
55856000,654300,100,N,@,0
55857000,654300,100,K,@,0
55857000,654400,100,N,F,0
55864000,654500,100,N,F,0
55864000,654500,100,T,@,0
55864000,654500,400,N,@,0
55864000,654500,100,T,@,0
55864000,654600,100,N,@,0
55865000,654500,100,T,@,0
55866000,654700,100,N,F,0
55869000,654700,600,N,@,0
55880000,654900,100,N,@,0
55881000,654900,100,N,F,0
55882000,654800,100,B,@,0
55882000,654800,100,D,@,0
55882000,654800,200,N,@,0
55898000,654800,100,N,F,0
55899000,654700,200,N,@,0
55899000,654700,100,N,@,0
55899000,654700,200,N,@,0
55904000,654500,100,T,@,0
55904000,654500,100,T,@,0
55914000,654400,100,K,@,0
55914000,654400,100,J,@,0
55916000,654300,100,N,@,0
55920000,654200,130,N,@,0
55921000,654100,200,N,F,0
55921000,654000,100,T,@,0
55921000,654100,100,N,F,0
55923000,654100,100,Z,@,0
55923000,654100,100,N,@,0
55923000,654100,100,D,@,0
55924000,654100,100,D,@,0
55924000,654100,100,D,@,0
55927000,654200,100,N,F,0
55932000,654100,100,T,@,0
55939000,654200,100,N,@,0
55953000,654100,100,N,@,0
55957000,654100,100,T,@,0
55959000,654300,100,K,@,0
55960000,654300,100,K,F,0
55964000,654400,100,T,@,0
55964000,654400,100,Z,@,0
55964000,654400,100,N,@,0
55964000,654400,100,N,@,0
55964000,654400,100,J,@,0
55968000,654400,100,K,@,0
55968000,654400,100,N,@,0
55974000,654400,100,N,@,0
55974000,654300,100,N,@,0
55974000,654100,100,T,@,0
55999000,654100,100,N,@,0
56021000,654100,100,N,F,0
56021000,654100,100,D,F,0
56030000,654100,120,N,@,0
56038000,654100,100,K,F,0
56038000,654100,100,N,F,0
56051000,654200,100,N,F,0
56051000,654200,192,N,@,0
56055000,654100,100,N,@,0
56061000,654100,100,K,@,0
56071000,654500,200,Y,@,0
56071000,654500,100,N,@,0
56071000,654500,100,D,@,0
56071000,654600,100,D,@,0
56083000,654800,100,N,@,0
56083000,654900,100,D,@,0
56083000,654800,100,D,@,0
56083000,654900,100,D,@,0
56084000,654800,100,Z,@,0
56093000,654900,100,K,@,0
56093000,655000,400,N,@,0
56097000,655000,100,B,@,0
56097000,655000,100,T,@,0
56097000,655000,100,T,@,0
56097000,655000,100,T,@,0
56099000,655000,100,N,F,0
56101000,654900,100,T,@,0
56101000,655000,100,T,F,0
56105000,655000,100,D,@,0
56111000,655000,200,N,@,0
56116000,655100,100,K,F,0
56116000,655200,100,N,@,0
56116000,655100,100,K,F,0
56116000,655100,100,K,@,0
56117000,655300,100,T,F,0
56131000,655300,100,K,F,0
56135000,655500,100,D,@,0
56145000,655400,100,N,F,0
56149000,655500,100,Z,@,0
56154000,655700,100,Y,F,0
56158000,655700,100,K,@,0
56164000,655800,100,N,F,0
56182000,655800,100,T,F,0
56182000,655800,100,K,@,0
56188000,655800,100,T,@,0
56188000,655800,100,K,@,0
56188000,655800,100,D,@,0
56205000,655400,100,T,F,0
56205000,655400,100,T,@,0
56205000,655400,100,N,@,0
56205000,655400,100,Y,@,0
56211000,655500,100,T,@,0
56211000,655500,100,N,@,0
56220000,655500,129,N,@,0
56225000,655400,100,T,@,0
56229000,655500,100,D,@,0
56243000,655200,183,N,@,0
56249000,655200,100,J,@,0
56253000,655300,100,K,F,0
56254000,655300,100,N,@,0
56256000,655200,100,D,@,0
56282000,655200,100,D,@,0
56297000,655100,100,D,@,0
56300000,655100,100,D,@,0
56300000,655100,100,D,@,0
56305000,655100,100,D,@,0
56312000,655000,100,P,@,0
56312000,655000,200,N,@,0
56313000,654900,100,N,@,0
56335000,654800,100,K,@,0
56335000,654800,200,N,@,0
56335000,654800,100,K,@,0
56335000,654800,100,K,@,0
56338000,654900,100,N,@,0
56342000,654900,100,D,@,0
56343000,655100,311,N,@,0
56357000,655400,160,N,@,0
56369000,655500,100,B,@,0
56385000,655600,100,N,F,0
56385000,655500,100,J,F,0
56394000,655600,100,N,F,0
56394000,655600,100,T,@,0
56394000,655600,200,N,@,0
56394000,655600,100,K,@,0
56394000,655600,100,K,@,0
56404000,655600,100,T,@,0
56404000,655600,100,T,@,0
56404000,655600,100,P,@,0
56404000,655600,400,N,@,0
56404000,655600,100,J,F,0
56404000,655600,100,Z,@,0
56404000,655600,100,Z,@,0
56404000,655500,100,N,@,0
56404000,655600,100,K,@,0
56405000,655400,100,N,@,0
56408000,655400,194,T,@,0
56408000,655800,200,D,,0
56409000,655300,100,D,@,0
56412000,655300,100,N,F,0
56412000,655300,100,N,@,0
56413000,655200,100,T,@,0
56413000,655200,100,P,@,0
56419000,655000,200,N,@,0
56421000,655000,100,T,@,0
56421000,655000,100,Z,@,0
56422000,655100,100,N,@,0
56422000,655100,100,N,@,0
56422000,655000,100,T,@,0
56422000,655000,100,T,@,0
56425000,655000,100,P,@,0
56426000,654900,100,N,@,0
56428000,654900,132,N,@,0
56434000,654900,100,N,@,0
56442000,655000,100,Y,F,0
56442000,655000,600,N,@,0
56443000,655000,100,N,@,0
56443000,654900,100,N,@,0
56444000,654800,100,T,@,0
56444000,654800,100,N,@,0
56444000,654700,100,P,@,0
56444000,654700,200,N,F,0
56444000,654700,100,N,@,0
56449000,654600,100,K,@,0
56449000,654600,100,K,@,0
56450000,654400,100,D,@,0
56451000,654300,100,D,@,0
56453000,654500,100,N,F,0
56461000,654500,100,N,@,0
56461000,654500,100,N,F,0
56461000,654500,200,N,F,0
56462000,654600,100,T,@,0
56464000,654600,200,N,F,0
56465000,654500,100,P,@,0
56465000,654500,1736,P,@,0
56471000,654300,100,N,@,0
56476000,654400,100,N,@,0
56476000,654400,100,K,@,0
56476000,654400,100,Y,@,0
56476000,654500,100,N,@,0
56477000,654400,100,D,@,0
56478000,654500,100,P,@,0
56478000,654500,500,N,@,0
56478000,654500,100,N,@,0
56481000,654600,100,K,@,0
56481000,654700,100,N,@,0
56481000,654700,100,K,@,0
56482000,654800,100,N,@,0
56482000,654800,100,N,@,0
56499000,654800,100,N,F,0
56499000,654800,100,P,@,0
56499000,654800,100,K,@,0
56509000,654700,100,D,@,0
56511000,654800,100,N,F,0
56514000,654600,100,N,F,0
56514000,654600,100,N,F,0
56514000,654600,100,N,@,0
56520000,654500,100,N,F,0
56520000,654600,100,T,@,0
56520000,654600,100,T,@,0
56520000,654600,100,D,@,0
56525000,654800,100,K,F,0
56544000,654700,100,N,@,0
56567000,654700,100,N,@,0
56567000,654800,100,Z,F,0
56567000,654800,100,N,@,0
56570000,654700,100,N,@,0
56570000,654700,100,K,@,0
56586000,654600,100,N,@,0
56591000,654600,100,K,F,0
56593000,654700,343,N,@,0
56593000,654700,100,T,@,0
56596000,654800,100,K,@,0
56597000,654900,100,N,@,0
56598000,654900,100,N,@,0
56599000,654900,100,Z,F,0
56612000,654800,385,D,@,0
56615000,654800,100,N,F,0
56617000,654800,200,N,@,0
56617000,654800,100,P,@,0
56617000,654800,100,P,@,0
56617000,654800,400,N,@,0
56617000,654800,100,N,@,0
56618000,654800,100,K,F,0
56618000,654900,100,D,@,0
56620000,655200,100,N,F,0
56622000,655400,400,N,@,0
56628000,655700,100,N,F,0
56630000,655700,100,T,@,0
56630000,655700,100,T,@,0
56630000,655700,200,N,@,0
56630000,655600,100,T,F,0
56630000,655600,100,T,F,0
56630000,655600,300,N,F,0
56630000,655800,100,D,@,0
56630000,655600,100,N,@,0
56641000,655500,100,T,@,0
56644000,655400,100,N,F,0
56647000,655200,100,N,@,0
56647000,655200,100,N,@,0
56648000,655300,400,N,F,0
56648000,655300,100,N,@,0
56658000,655300,104,N,@,0
56674000,655200,100,Y,@,0
56676000,655200,100,Y,F,0
56676000,655200,100,K,@,0
56676000,655200,100,K,@,0
56685000,655200,100,N,F,0
56685000,655100,100,N,F,0
56685000,655100,100,K,F,0
56691000,655000,100,D,@,0
56700000,655000,100,N,@,0
56700000,654700,200,T,F,0
56700000,654900,100,N,F,0
56700000,654900,100,N,@,0
56700000,654900,100,N,F,0
56700000,654700,100,P,F,0
56700000,654700,100,P,F,0
56700000,654700,300,P,F,0
56700000,654700,100,P,F,0
56700000,654700,100,P,F,0
56700000,654700,100,P,F,0
56700000,654600,100,P,F,0
56700000,654800,400,N,F,0
56700000,654700,1000,N,F,0
56700000,654700,100,N,F,0
56700000,654600,800,N,F,0
56700000,654600,100,P,F,0
56700000,654600,100,P,F,0
56700000,654600,100,P,F,0
56700000,654600,100,P,F,0
56700000,654600,100,P,F,0
56700000,654600,600,K,F,0
56702000,654700,100,N,F,0
56702000,654800,100,N,F,0
56702000,654700,100,D,@,0
56703000,654900,100,N,F,0
56703000,654800,100,Y,F,0
56706000,654800,100,N,@,0
56708000,654800,100,N,@,0
56709000,654700,100,N,@,0
56709000,654700,100,N,@,0
56712000,654700,200,N,@,0
56712000,654600,100,N,F,0
56713000,654500,100,Z,@,0
56715000,654400,100,N,@,0
56715000,654400,100,N,@,0
56715000,654500,200,N,F,0
56717000,654300,100,Z,@,0
56717000,654300,100,Z,@,0
56719000,654400,100,T,@,0
56720000,654400,100,D,@,0
56721000,654300,100,N,@,0
56721000,654300,100,K,@,0
56726000,654200,100,T,@,0
56726000,654200,200,N,@,0
56726000,654200,100,N,@,0
56727000,654200,100,D,@,0
56727000,654200,200,N,@,0
56727000,654100,100,N,@,0
56727000,654000,100,N,@,0
56737000,654000,100,N,@,0
56737000,654000,100,N,@,0
56742000,653700,100,N,@,0
56744000,653500,100,N,@,0
56746000,653300,100,N,@,0
56746000,653400,300,N,F,0
56747000,653500,300,T,@,0
56747000,653600,100,P,@,0
56747000,653600,123,Y,@,0
56765000,653500,300,N,F,0
56765000,653500,100,N,@,0
56765000,653500,100,P,@,0
56765000,653500,100,T,@,0
56765000,653500,100,T,@,0
56765000,653500,100,N,@,0
56766000,653300,100,N,@,0
56776000,653200,100,T,F,0
56778000,653200,100,N,@,0
56785000,653200,141,N,@,0
56785000,653200,100,K,@,0
56792000,653200,100,N,@,0
56793000,653100,277,N,F,0
56812000,652800,100,K,@,0
56815000,652900,200,N,@,0
56830000,653000,200,N,@,0
56843000,653000,200,N,@,0
56854000,653000,1500,N,@,0
56854000,653000,100,P,@,0
56854000,653000,100,P,@,0
56854000,653000,100,P,@,0
56854000,653000,100,T,@,0
56854000,653000,100,T,@,0
56854000,653100,100,Z,@,0
56855000,653200,100,N,@,0
56857000,653300,100,N,@,0
56859000,653400,100,P,@,0
56859000,653400,100,N,@,0
56861000,653600,100,N,@,0
56861000,653600,100,N,@,0
56864000,653800,380,Z,@,0
56865000,653800,100,T,F,0
56865000,653800,100,Y,F,0
56865000,653800,100,Y,F,0
56865000,653800,200,N,F,0
56879000,653900,100,P,F,0
56879000,653900,100,Z,F,0
56879000,653900,100,K,F,0
56880000,654100,200,N,@,0
56880000,654100,100,N,F,0
56880000,654200,100,N,F,0
56880000,654200,100,N,F,0
56880000,654100,100,N,F,0
56884000,654200,100,Z,@,0
56887000,654300,200,N,F,0
56888000,654200,100,B,@,0
56888000,654200,100,B,@,0
56888000,654200,100,N,@,0
56888000,654200,100,N,@,0
56888000,654200,100,P,F,0
56888000,654200,100,T,@,0
56888000,654200,100,T,@,0
56888000,654200,100,P,@,0
56888000,654200,100,Z,@,0
56888000,654200,100,Z,@,0
56888000,654200,100,Z,@,0
56888000,654300,100,D,@,0
56888000,654200,100,D,@,0
56888000,654200,100,D,@,0
56888000,654200,100,D,@,0
56888000,654200,100,D,@,0
56888000,654200,100,D,@,0
56888000,654200,100,D,@,0
56888000,654200,100,D,@,0
56889000,654200,100,B,F,0
56890000,654100,100,T,@,0
56890000,654200,100,D,F,0
56891000,654000,200,N,F,0
56891000,654000,100,N,F,0
56891000,653900,100,N,F,0
56891000,653900,100,N,F,0
56892000,654000,100,N,@,0
56893000,653900,100,P,@,0
56900000,653800,100,D,@,0
56903000,653600,100,N,F,0
56903000,653500,100,N,F,0
56906000,653400,100,N,@,0
56906000,653400,100,N,@,0
56906000,653500,100,N,F,0
56914000,653300,100,P,@,0
56914000,653200,100,N,F,0
56919000,653200,118,N,@,0
56920000,653000,100,D,@,0
56931000,653300,100,N,@,0
56932000,653300,400,N,@,0
56941000,653300,300,N,F,0
56944000,653500,100,P,@,0
56944000,653500,100,N,@,0
56969000,653300,100,N,@,0
56972000,653300,100,D,@,0
56979000,653300,200,N,F,0
56979000,653300,100,P,@,0
56979000,653300,100,N,@,0
56980000,653500,100,N,@,0
56983000,653700,100,Z,@,0
56986000,653900,200,D,F,0
56995000,653900,100,N,@,0
56998000,653900,100,Z,@,0
56998000,653900,100,Z,@,0
57003000,654000,100,N,F,0
57007000,654000,100,Z,@,0
57007000,653900,195,D,@,0
57019000,653800,100,N,@,0
57019000,653800,100,T,@,0
57019000,653800,100,T,@,0
57019000,653800,100,P,@,0
57019000,653800,100,N,@,0
57020000,653800,100,Z,@,0
57020000,653800,100,D,@,0
57022000,653800,100,D,@,0
57023000,653800,100,N,@,0
57023000,653700,100,D,@,0
57029000,653700,100,P,F,0
57029000,653600,100,Z,@,0
57033000,653400,100,D,@,0
57047000,653500,100,T,@,0
57047000,653400,100,D,@,0
57055000,653300,100,P,F,0
57055000,653300,100,Z,F,0
57067000,653300,100,Z,@,0
57073000,653200,100,Z,@,0
57089000,653200,100,Z,F,0
57089000,653300,100,N,F,0
57089000,653400,100,P,F,0
57091000,653200,300,N,F,0
57091000,653200,199,N,@,0
57091000,653200,100,N,@,0
57107000,653300,100,N,@,0
57113000,653300,200,N,F,0
57116000,653200,100,N,@,0
57116000,653200,100,N,@,0
57116000,653200,100,Z,@,0
57116000,653200,100,Z,@,0
57116000,653200,100,K,F,0
57116000,653200,100,K,F,0
57116000,653200,100,K,@,0
57125000,653100,105,N,@,0
57151000,653000,200,N,@,0
57153000,652900,100,Y,@,0
57171000,653100,100,P,@,0
57171000,653100,1695,N,@,0
57171000,653100,157,T,@,0
57171000,653100,100,T,@,0
57171000,653100,100,T,@,0
57171000,653100,100,T,@,0
57171000,653100,100,T,@,0
57172000,653300,100,K,@,0
57175000,653500,200,N,F,0
57185000,653700,100,N,F,0
57186000,653700,200,N,@,0
57187000,653800,100,N,F,0
57187000,653700,100,N,@,0
57190000,653800,100,Z,F,0
57198000,653900,100,N,F,0
57200000,653800,100,Y,@,0
57201000,653800,100,N,@,0
57204000,653700,100,Y,F,0
57204000,653700,400,N,@,0
57204000,653700,100,Z,@,0
57204000,653700,100,N,@,0
57204000,653800,100,D,@,0
57210000,653600,100,P,@,0
57210000,653500,100,T,@,0
57224000,653600,100,N,F,0
57236000,653600,200,T,F,0
57236000,653600,100,P,F,0
57236000,653600,100,Z,F,0
57241000,653700,100,T,@,0
57241000,653700,500,N,@,0
57241000,653800,100,N,@,0
57250000,653900,100,T,F,0
57251000,653800,100,Z,@,0
57251000,653800,100,Y,F,0
57251000,653800,100,Z,@,0
57258000,653800,100,K,@,0
57260000,653900,100,N,@,0
57260000,653900,100,N,@,0
57265000,653900,100,T,@,0
57266000,653900,100,N,@,0
57266000,653900,100,D,@,0
57275000,654000,300,N,@,0
57275000,653800,100,Z,@,0
57275000,653900,100,P,F,0
57277000,654300,400,D,,0
57278000,653800,100,N,@,0
57289000,653800,100,T,@,0
57289000,653800,395,N,@,0
57295000,653700,100,N,F,0
57295000,653700,100,N,F,0
57295000,653700,100,P,@,0
57295000,653700,300,N,@,0
57295000,653600,100,N,@,0
57300000,653700,100,D,@,0
57300000,653600,200,T,F,0
57300000,653700,100,P,F,0
57300000,653600,100,P,F,0
57300000,653600,300,N,@,0
57300000,653600,100,Y,F,0
57300000,653400,500,N,F,0
57300000,653400,100,T,F,0
57300000,653400,100,N,F,0
57300000,653400,100,P,F,0
57300000,653400,200,P,F,0
57300000,653400,100,P,F,0
57300000,653400,100,P,F,0
57300000,653400,100,T,F,0
57300000,653400,100,T,F,0
57300000,653300,343,N,F,0
57300000,653300,100,N,F,0
57300000,653500,100,P,@,0
57301000,653500,300,N,@,0
57301000,653500,200,N,@,0
57302000,653300,100,N,@,0
57302000,653400,100,K,F,0
57302000,653400,100,K,@,0
57302000,653500,100,D,@,0
57303000,653300,100,T,F,0
57305000,653300,200,N,@,0
57306000,653300,100,N,F,0
57306000,653300,100,N,F,0
57306000,653300,100,P,@,0
57308000,653200,200,N,F,0
57308000,653200,100,N,@,0
57308000,653200,100,N,F,0
57312000,653000,300,N,@,0
57312000,652900,200,D,@,0
57312000,652900,100,N,F,0
57316000,652700,200,D,@,0
57317000,652700,100,K,@,0
57318000,652700,100,K,@,0
57318000,652700,100,D,@,0
57319000,652700,100,K,F,0
57319000,652700,100,K,@,0
57319000,652700,100,K,F,0
57324000,652700,500,N,@,0
57324000,652700,230,N,@,0
57327000,652700,800,N,@,0
57327000,652700,201,N,@,0
57327000,652700,100,N,@,0
57327000,652700,111,T,@,0
57327000,652700,279,N,@,0
57327000,652700,189,T,@,0
57327000,652700,471,N,@,0
57327000,652700,163,K,@,0
57327000,652700,100,K,@,0
57327000,652700,100,K,@,0
57327000,652700,100,K,@,0
57327000,652700,100,K,F,0
57327000,652700,100,K,@,0
57328000,652700,171,K,@,0
57328000,652700,100,K,F,0
57328000,652700,135,K,F,0
57328000,652800,365,N,F,0
57330000,652900,300,N,@,0
57330000,652800,300,N,F,0
57333000,652800,200,N,@,0
57333000,652800,100,N,@,0
57333000,652800,391,N,@,0
57333000,652800,203,N,@,0
57333000,652700,100,T,@,0
57336000,652600,100,T,@,0
57336000,652600,100,T,@,0
57336000,652600,100,P,@,0
57336000,652600,300,N,@,0
57340000,652700,100,B,@,0
57341000,652600,100,N,F,0
57343000,652500,200,D,@,0
57345000,652500,120,N,F,0
57345000,652600,100,N,@,0
57346000,652600,100,N,@,0
57348000,652500,100,N,@,0
57349000,652500,100,K,F,0
57349000,652500,100,K,F,0
57351000,652600,200,N,@,0
57351000,652600,200,T,F,0
57351000,652600,100,T,F,0
57359000,652500,100,D,F,0
57362000,652500,100,N,@,0
57363000,652400,100,T,@,0
57363000,652400,100,B,@,0
57363000,652400,100,T,F,0
57363000,652400,100,T,F,0
57363000,652400,100,D,@,0
57367000,652300,100,N,@,0
57367000,652300,100,N,@,0
57367000,652300,117,N,@,0
57367000,652300,377,N,@,0
57370000,652200,100,N,@,0
57370000,652200,100,N,@,0
57372000,652200,100,T,@,0
57372000,652200,100,T,@,0
57376000,652300,600,N,@,0
57376000,652200,100,D,@,0
57377000,652200,100,N,@,0
57377000,652200,100,T,@,0
57377000,652200,100,T,@,0
57377000,652200,123,N,@,0
57377000,652200,100,N,@,0
57377000,652300,100,N,@,0
57380000,652100,100,N,@,0
57383000,652100,100,N,@,0
57383000,652100,100,N,@,0
57383000,652100,100,N,@,0
57387000,652200,1300,N,@,0
57391000,652200,100,N,@,0
57391000,652200,200,N,@,0
57391000,652200,100,P,@,0
57391000,652200,100,T,@,0
57391000,652200,100,T,@,0
57391000,652200,200,T,@,0
57391000,652200,100,K,@,0
57391000,652200,100,K,@,0
57391000,652200,100,K,@,0
57391000,652200,100,N,F,0
57391000,652200,100,K,F,0
57391000,652200,100,K,F,0
57391000,652200,200,N,F,0
57391000,652200,100,K,@,0
57391000,652200,100,N,@,0
57391000,652200,200,D,@,0
57391000,652300,100,N,@,0
57391000,652300,100,N,@,0
57392000,652300,100,Z,@,0
57392000,652400,200,N,@,0
57392000,652400,100,N,F,0
57392000,652300,500,D,@,0
57392000,652300,200,D,@,0
57392000,652300,100,D,@,0
57392000,652400,100,N,@,0
57396000,652500,100,N,@,0
57396000,652500,100,N,@,0
57400000,652600,200,N,@,0
57400000,652600,100,N,@,0
57400000,652500,100,N,@,0
57403000,652600,100,N,@,0
57403000,652600,100,N,@,0
57403000,652700,300,N,@,0
57403000,652600,100,N,F,0
57404000,652500,100,N,@,0
57408000,652500,124,N,@,0
57412000,652400,100,N,@,0
57412000,652400,100,N,@,0
57412000,652300,400,N,@,0
57413000,652300,100,N,@,0
57414000,652300,100,N,@,0
57415000,652300,100,N,@,0
57418000,652300,131,N,@,0
57418000,652300,275,N,@,0
57420000,652100,100,N,@,0
57421000,652100,100,N,@,0
57421000,652100,300,N,@,0
57421000,652100,100,N,@,0
57421000,652100,211,N,F,0
57423000,652000,100,N,@,0
57423000,652000,100,N,@,0
57423000,652000,100,D,@,0
57427000,651900,300,D,@,0
57428000,652100,100,N,@,0
57428000,652100,100,T,F,0
57428000,652100,100,K,@,0
57428000,652100,100,K,F,0
57428000,652100,100,N,@,0
57429000,652100,200,N,F,0
57429000,652000,190,D,@,0
57431000,652000,100,N,@,0
57431000,652000,100,N,@,0
57432000,652100,229,N,@,0
57433000,652100,100,Z,@,0
57434000,651900,100,N,@,0
57435000,652100,100,N,F,0
57436000,652100,100,N,@,0
57438000,651900,100,N,@,0
57440000,651900,100,N,@,0
57441000,652000,900,N,@,0
57442000,652000,100,N,@,0
57442000,652000,300,N,@,0
57442000,652000,101,N,@,0
57444000,651900,100,N,@,0
57444000,651900,100,N,@,0
57445000,652000,100,N,@,0
57447000,652000,100,N,@,0
57447000,652000,100,N,@,0
57450000,652100,100,N,@,0
57452000,652000,100,K,F,0
57458000,652100,100,N,@,0
57462000,652000,100,N,@,0
57462000,652000,100,N,@,0
57463000,652000,100,N,@,0
57465000,652000,300,N,@,0
57466000,652000,100,N,@,0
57467000,652000,100,N,@,0
57468000,652000,300,N,@,0
57469000,652000,200,N,@,0
57469000,652000,100,K,@,0
57473000,652000,100,K,@,0
57473000,652000,1900,K,F,0
57475000,651900,100,J,@,0
57475000,651900,100,T,F,0
57475000,652000,100,D,@,0
57475000,651800,200,N,F,0
57477000,651800,100,N,@,0
57478000,651800,300,N,F,0
57478000,651800,300,N,@,0
57478000,651800,100,N,F,0
57480000,651800,100,N,@,0
57482000,651800,100,N,@,0
57485000,651800,200,N,F,0
57487000,651800,100,N,@,0
57488000,651800,100,N,@,0
57488000,651800,100,N,@,0
57488000,651800,295,N,@,0
57489000,651800,100,T,@,0
57493000,651800,100,N,F,0
57496000,651700,100,T,F,0
57496000,651700,100,P,@,0
57498000,651700,100,P,F,0
57498000,651600,100,N,@,0
57499000,651600,100,N,@,0
57499000,651600,200,N,F,0
57499000,651600,100,D,@,0
57499000,651600,100,N,@,0
57499000,651600,100,N,@,0
57503000,651600,100,N,@,0
57505000,651600,100,N,@,0
57505000,651600,100,N,F,0
57506000,651500,100,N,@,0
57506000,651500,200,N,F,0
57509000,651500,100,N,@,0
57510000,651600,100,Z,F,0
57514000,651500,100,N,@,0
57514000,651500,100,N,@,0
57514000,651500,138,N,@,0
57515000,651500,200,N,@,0
57515000,651500,100,N,@,0
57516000,651500,100,N,@,0
57516000,651500,100,N,@,0
57516000,651500,141,N,@,0
57518000,651400,100,J,F,0
57519000,651400,100,N,F,0
57519000,651400,100,K,F,0
57519000,651400,100,N,@,0
57519000,651400,100,P,F,0
57520000,651300,100,N,@,0
57520000,651400,200,N,@,0
57520000,651300,100,N,F,0
57520000,651200,600,N,F,0
57524000,651200,100,N,@,0
57524000,651200,260,N,@,0
57526000,651200,100,N,@,0
57526000,651200,200,N,F,0
57526000,651300,100,D,@,0
57527000,651200,100,T,F,0
57528000,651100,100,T,F,0
57528000,651200,100,N,@,0
57528000,651200,100,N,@,0
57529000,651100,163,N,@,0
57531000,651100,100,N,@,0
57531000,651200,100,N,@,0
57536000,651100,300,N,@,0
57536000,651100,100,K,@,0
57537000,651000,100,N,@,0
57538000,651000,100,T,F,0
57538000,651000,100,P,F,0
57538000,651000,323,P,F,0
57538000,651000,942,N,@,0
57538000,651000,100,K,F,0
57540000,651000,100,N,@,0
57540000,651000,193,T,@,0
57540000,651000,100,N,@,0
57540000,651000,100,T,@,0
57543000,651000,100,N,@,0
57543000,651000,500,N,F,0
57543000,651000,300,N,F,0
57543000,651000,100,N,@,0
57544000,651000,100,T,@,0
57544000,651000,200,N,@,0
57544000,651100,100,D,@,0
57545000,651100,100,K,@,0
57547000,650900,100,N,@,0
57548000,651000,100,N,F,0
57548000,651100,200,N,@,0
57548000,651000,300,N,@,0
57548000,651100,400,N,@,0
57548000,651000,100,N,@,0
57548000,651100,100,K,@,0
57550000,651000,200,N,F,0
57551000,651000,100,Z,@,0
57551000,651000,100,Z,@,0
57551000,651000,100,K,@,0
57553000,651000,100,N,@,0
57555000,651000,269,N,@,0
57555000,650900,100,N,@,0
57555000,650900,306,N,F,0
57556000,650900,100,T,F,0
57557000,650900,100,N,@,0
57558000,650900,200,N,@,0
57558000,651000,100,K,@,0
57558000,650800,100,N,@,0
57559000,650900,100,N,F,0
57559000,650800,100,N,@,0
57559000,650800,100,T,F,0
57560000,650800,200,N,F,0
57560000,650700,100,N,@,0
57560000,650800,100,N,F,0
57561000,650800,100,N,@,0
57565000,650800,100,N,@,0
57565000,650900,300,N,F,0
57565000,650900,300,N,F,0
57565000,650900,200,N,@,0
57565000,650900,100,N,@,0
57566000,650900,100,D,@,0
57566000,650900,300,N,F,0
57566000,650900,100,N,@,0
57568000,651000,400,N,@,0
57568000,650900,100,N,@,0
57570000,650900,104,N,@,0
57571000,650900,100,N,@,0
57571000,650900,100,N,@,0
57571000,650900,100,N,@,0
57571000,650900,100,N,@,0
57574000,650900,100,D,@,0
57574000,650900,200,N,@,0
57574000,650900,100,P,F,0
57574000,650900,200,N,@,0
57575000,651000,600,N,@,0
57575000,650900,100,N,F,0
57575000,650900,100,K,F,0
57576000,650900,300,N,@,0
57576000,650900,100,N,F,0
57576000,650900,100,N,@,0
57578000,650900,100,N,@,0
57579000,651000,600,N,@,0
57579000,651000,200,N,@,0
57579000,651000,1000,N,@,0
57579000,650900,800,N,@,0
57579000,650900,100,N,@,0
57579000,650900,100,N,@,0
57579000,650900,100,N,@,0
57580000,650800,200,D,@,0
57582000,650800,100,N,@,0
57582000,650800,100,N,@,0
57583000,650900,100,N,F,0
57583000,650900,100,N,F,0
57583000,650900,300,N,@,0
57583000,650900,300,K,F,0
57583000,650800,100,D,@,0
57584000,650800,100,N,F,0
57585000,650800,100,N,F,0
57585000,650800,123,N,@,0
57586000,650800,100,N,F,0
57587000,650900,129,N,@,0
57587000,650900,514,N,@,0
57587000,650800,121,N,@,0
57588000,650800,200,N,F,0
57590000,650800,100,N,@,0
57590000,650700,100,N,@,0
57591000,650900,100,B,F,0
57591000,650900,100,K,F,0
57591000,650900,100,K,F,0
57591000,650900,100,C,F,0
57591000,650700,100,N,@,0
57591000,650700,505,N,@,0
57592000,650700,100,N,@,0
57592000,650700,453,N,@,0
57592000,650700,100,N,@,0
57593000,650700,100,N,@,0
57595000,650700,700,N,@,0
57597000,650800,300,N,@,0
57597000,650800,200,N,@,0
57597000,650800,200,N,@,0
57598000,650800,100,N,@,0
57598000,650800,100,N,@,0
57598000,650800,1200,N,@,0
57599000,650800,100,N,@,0
57599000,650800,100,N,@,0
57599000,650800,168,N,F,0
57599000,650800,167,N,F,0
57599000,650800,128,N,F,0
57599000,650800,1000,N,@,0
57599000,650800,200,N,@,0
57599000,650800,123,N,@,0
57599000,650800,133,N,@,0
57600000,650800,133,P,M,0
57601000,650800,100,T,M,0
57603000,655600,1400,D,4,0
57843000,650700,62884,N,6,0
57843000,650700,263,D,,0
58612000,650800,216,D,,0
58648000,650800,215,D,,0
58856000,650700,1100,D,,0
58856000,650700,4900,D,,0
59058000,650700,420,D,,0
59635000,650800,1083,D,,0
59768000,650700,1282,D,,0
65175000,650700,112,D,N,0
