33428000,75000,12651,D,,0
34205000,74900,6683,N,O,0
34206000,74900,3000,N,F,0
34207000,74900,2300,N,@,0
34207000,74900,700,N,@,0
34207000,74900,541,N,@,0
34211000,74900,2300,D,@,0
34211000,75000,200,T,@,0
34211000,75000,200,T,Q,0
34211000,75000,100,T,@,0
34211000,75000,1000,N,@,0
34211000,75000,100,P,Q,0
34211000,75000,100,P,@,0
34211000,75000,200,J,@,0
34211000,75000,100,K,@,0
34211000,75000,100,N,@,0
34215000,75000,328,N,@,0
34216000,74900,2500,D,@,0
34219000,75000,129,P,F,0
34235000,75000,100,Z,@,0
34240000,75000,100,Z,@,0
34242000,75000,100,Z,@,0
34303000,74900,3000,D,@,0
34360000,75000,100,B,@,0
34361000,74900,2000,D,@,0
34381000,74900,100,D,@,0
34411000,75000,100,Y,@,0
34411000,74900,100,D,@,0
34415000,75000,100,D,@,0
34423000,74900,200,J,@,0
34440000,75000,100,D,@,0
34472000,75000,100,D,@,0
34476000,74900,100,D,@,0
34580000,75000,100,B,@,0
34606000,74900,2600,N,@,0
34606000,74900,1000,N,@,0
34606000,74900,200,B,F,0
34606000,74900,200,J,F,0
34606000,74900,200,J,F,0
34606000,74900,100,J,F,0
34620000,74900,100,Y,@,0
34624000,75000,100,D,@,0
34624000,75000,100,D,@,0
34630000,75000,100,D,@,0
34644000,75000,100,D,@,0
34656000,75000,200,D,@,0
34656000,75000,145,D,@,0
34656000,75000,155,D,@,0
34656000,75000,100,D,@,0
34659000,75000,100,D,@,0
34681000,75000,100,D,@,0
34683000,75000,100,D,@,0
34685000,75000,100,D,@,0
34697000,75000,100,D,@,0
34741000,75000,100,D,@,0
34745000,75000,100,D,@,0
34747000,75000,100,D,@,0
34772000,74900,1300,D,@,0
34772000,75000,100,D,@,0
34772000,75000,100,D,@,0
34772000,75000,100,D,@,0
34772000,75000,200,D,@,0
34773000,74900,100,D,@,0
34774000,74900,100,J,@,0
34774000,74900,200,J,@,0
34774000,74900,100,J,@,0
34774000,74900,100,J,@,0
34774000,74900,600,J,@,0
34774000,75000,100,D,@,0
34774000,75000,100,D,@,0
34774000,75000,100,D,@,0
34778000,74900,100,D,@,0
34778000,74900,100,D,@,0
34778000,74900,100,D,@,0
34820000,75000,100,B,@,0
34864000,74900,100,Y,@,0
34865000,74900,300,J,@,0
34865000,74900,231,N,@,0
34865000,74900,200,J,@,0
34865000,74900,100,J,@,0
34865000,74900,100,J,@,0
34880000,75000,100,B,@,0
34906000,74900,100,Y,@,0
34993000,75000,100,J,@,0
35028000,74900,300,D,@,0
35028000,75000,100,D,@,0
35028000,75000,100,D,@,0
35031000,74900,100,J,@,0
35031000,74900,100,J,@,0
35031000,75000,100,D,@,0
35035000,74900,100,D,@,0
35072000,74900,100,Y,F,0
35072000,75000,100,D,@,0
35083000,75000,100,D,@,0
35142000,74900,100,J,@,0
35142000,74900,200,J,@,0
35142000,74900,200,J,@,0
35168000,75000,100,D,@,0
35170000,74900,155,D,@,0
35172000,74900,155,D,@,0
35176000,74900,100,Y,@,0
35177000,75000,100,B,@,0
35202000,75000,100,D,@,0
35237000,75000,100,D,@,0
35260000,75000,500,D,@,0
35260000,75000,2700,D,@,0
35260000,75000,500,D,@,0
35260000,75000,600,D,@,0
35260000,75000,500,D,@,0
35270000,75000,100,D,@,0
35280000,75000,100,D,@,0
35290000,75000,100,D,@,0
35291000,74900,154,D,@,0
35294000,75000,100,B,@,0
35300000,75000,100,D,@,0
35310000,75000,100,D,@,0
35320000,75000,100,D,@,0
35330000,75000,100,D,@,0
35340000,75000,100,D,@,0
35350000,75000,100,D,@,0
35352000,75000,100,B,@,0
35360000,75000,100,D,@,0
35360000,75000,100,D,@,0
35370000,75000,100,D,@,0
35381000,75000,100,D,@,0
35393000,75000,100,D,@,0
35394000,75000,100,B,@,0
35401000,74900,116,P,@,0
35401000,74900,232,P,@,0
35401000,74900,868,P,@,0
35401000,74900,100,P,@,0
35401000,74900,100,P,@,0
35401000,74900,1700,P,@,0
35401000,74900,100,P,@,0
35401000,74900,100,P,@,0
35461000,75000,100,D,@,0
35461000,74900,100,D,@,0
35465000,75000,100,D,@,0
35465000,75000,100,D,@,0
35465000,75000,100,D,@,0
35465000,75000,100,D,@,0
35465000,75000,100,D,@,0
35465000,75000,100,D,@,0
35465000,75000,100,D,@,0
35465000,75000,100,D,@,0
35465000,75000,100,D,@,0
35465000,75000,133,D,@,0
35465000,75000,100,D,@,0
35509000,75000,100,B,@,0
35553000,75000,100,D,@,0
35561000,75000,1700,D,@,0
35562000,75000,100,D,@,0
35562000,75000,300,D,@,0
35562000,75000,100,D,@,0
35562000,75000,100,D,@,0
35572000,75000,100,D,@,0
35587000,75000,100,D,@,0
35619000,75000,100,D,@,0
35624000,75000,100,D,@,0
35634000,75000,100,D,@,0
35643000,75000,300,D,@,0
35643000,75000,100,D,@,0
35643000,75000,100,D,@,0
35653000,75000,100,D,@,0
35654000,75000,100,D,@,0
35664000,75000,100,D,@,0
35674000,75000,100,D,@,0
35684000,75000,100,D,@,0
35687000,75000,100,B,@,0
35694000,75000,100,D,@,0
35694000,75000,100,D,@,0
35705000,75000,100,D,@,0
35717000,74900,100,D,@,0
35717000,75000,100,D,@,0
35720000,75000,100,D,@,0
35727000,75000,100,D,@,0
35737000,75000,100,D,@,0
35747000,75000,100,D,@,0
35750000,74900,100,Y,@,0
35753000,75000,100,B,@,0
35763000,75000,100,D,@,0
35773000,75000,100,D,@,0
35787000,75000,100,D,@,0
35787000,75000,100,D,@,0
35794000,75000,100,B,@,0
35794000,75000,100,D,@,0
35797000,75000,100,D,@,0
35797000,75000,100,D,@,0
35807000,75000,100,D,@,0
35818000,75000,100,D,@,0
35821000,75000,100,D,@,0
35828000,75000,100,D,@,0
35838000,75000,100,D,@,0
35850000,75000,100,D,@,0
35853000,75000,100,D,@,0
35853000,75000,100,D,@,0
35860000,75000,100,D,@,0
35870000,75000,100,D,@,0
35880000,75000,100,D,@,0
35888000,75000,100,D,@,0
35888000,75000,100,D,@,0
35890000,75000,100,D,@,0
35900000,75000,100,D,@,0
35910000,75000,100,D,@,0
35912000,74900,100,B,@,0
35920000,75000,100,D,@,0
35938000,75000,100,D,@,0
35948000,75000,100,D,@,0
35954000,75000,100,D,@,0
35958000,75000,100,D,@,0
35968000,75000,100,D,@,0
35978000,75000,100,D,@,0
35988000,75000,100,B,@,0
35988000,75000,100,D,@,0
35988000,75000,100,D,@,0
35998000,75000,100,Z,@,0
36021000,75000,100,Z,@,0
36022000,75000,100,D,@,0
36044000,75000,100,Z,@,0
36065000,75000,100,Z,@,0
36087000,75000,100,Z,@,0
36109000,75000,100,B,@,0
36127000,75000,100,Z,@,0
36127000,75000,200,Z,@,0
36127000,75000,1900,Z,@,0
36127000,75000,100,Z,@,0
36127000,75000,100,D,@,0
36131000,75000,100,D,@,0
36151000,75000,300,Z,@,0
36151000,75000,100,Z,@,0
36151000,75000,100,D,@,0
36152000,74900,100,D,@,0
36152000,74900,100,D,@,0
36152000,75000,100,T,@,0
36166000,75000,100,D,@,0
36173000,75000,200,B,@,0
36173000,75000,100,D,@,0
36180000,75000,100,Z,@,0
36180000,75000,100,Z,@,0
36180000,75000,300,K,@,0
36180000,75000,300,K,@,0
36180000,75000,100,Z,@,0
36180000,75000,100,K,@,0
36180000,75000,300,K,@,0
36180000,75000,300,K,@,0
36180000,75000,200,K,@,0
36180000,75000,100,D,@,0
36180000,75000,100,D,@,0
36180000,75000,100,D,@,0
36180000,75000,100,D,@,0
36182000,75000,300,D,@,0
36192000,75000,100,Z,@,0
36194000,75000,100,Z,@,0
36216000,75000,100,Z,@,0
36230000,75000,100,D,@,0
36230000,75000,100,D,@,0
36230000,75000,100,D,@,0
36230000,75000,100,D,@,0
36230000,75000,100,D,@,0
36230000,75000,200,D,@,0
36230000,75000,100,D,@,0
36230000,75000,100,D,@,0
36230000,75000,100,D,@,0
36237000,75000,100,T,@,0
36260000,75000,100,Z,@,0
36266000,74900,100,P,@,0
36266000,74900,200,P,@,0
36266000,74900,100,P,@,0
36266000,74900,100,P,@,0
36266000,74900,100,P,@,0
36266000,74900,200,P,@,0
36266000,74900,100,P,@,0
36266000,74900,200,P,F,0
36266000,74900,500,P,@,0
36266000,74900,300,P,@,0
36266000,74900,100,P,@,0
36266000,74900,300,P,@,0
36266000,74900,200,B,F,0
36266000,74900,100,B,F,0
36266000,74900,500,B,F,0
36266000,74900,100,B,F,0
36266000,74900,100,B,F,0
36266000,74900,100,P,@,0
36266000,74900,100,P,@,0
36266000,74900,100,P,@,0
36266000,74900,100,P,@,0
36266000,74900,100,P,@,0
36266000,74900,200,P,@,0
36266000,74900,12500,N,F,0
36266000,74900,100,N,F,0
36266000,75000,100,Z,F,0
36266000,74900,131,Z,F,0
36266000,74900,100,Z,F,0
36266000,74900,100,K,F,0
36266000,74900,100,Z,F,0
36266000,74900,100,Z,F,0
36266000,74900,300,Z,F,0
36266000,74900,300,Z,F,0
36266000,74900,100,K,F,0
36266000,74900,500,K,F,0
36266000,74900,100,J,F,0
36266000,74900,100,Y,F,0
36266000,74900,200,Y,F,0
36266000,74900,430,Y,F,0
36266000,74900,100,Y,F,0
36266000,74900,600,K,F,0
36266000,74900,100,Y,F,0
36266000,74900,2700,K,F,0
36266000,74900,100,J,F,0
36266000,74900,500,K,F,0
36266000,74900,200,J,F,0
36266000,74900,200,J,F,0
36266000,74900,500,J,F,0
36266000,74900,216,K,F,0
36266000,74900,500,J,F,0
36266000,74900,108,K,F,0
36266000,74900,100,J,F,0
36266000,74900,400,P,@,0
36266000,74900,100,P,@,0
36266000,74900,100,P,@,0
36266000,74900,400,P,@,0
36266000,74900,100,P,@,0
36266000,74900,170,Y,F,0
36266000,74900,100,P,@,0
36266000,74900,100,P,@,0
36266000,74900,200,J,F,0
36266000,74900,100,J,F,0
36266000,74900,100,J,F,0
36266000,74900,100,J,F,0
36266000,74900,100,J,F,0
36266000,74900,400,J,F,0
36266000,74900,100,J,F,0
36266000,74900,100,J,F,0
36266000,74900,600,J,F,0
36266000,74900,100,D,@,0
36266000,74900,100,D,F,0
36266000,74900,500,D,F,0
36266000,74900,1700,D,F,0
36266000,74900,100,D,F,0
36280000,74900,1100,P,@,0
36280000,74900,100,P,@,0
36280000,74900,100,P,@,0
36280000,74900,300,P,@,0
36280000,74900,400,P,@,0
36280000,74900,400,P,@,0
36280000,74900,100,P,@,0
36280000,74900,100,P,@,0
36280000,74900,100,P,@,0
36280000,74900,274,Z,F,0
36280000,74900,100,Z,F,0
36280000,74900,500,Z,F,0
36280000,74900,100,Z,F,0
36280000,74900,100,Z,F,0
36280000,74900,100,Z,F,0
36280000,74900,100,Z,F,0
36280000,74900,100,Z,F,0
36280000,74900,200,Z,F,0
36280000,74900,100,Z,F,0
36280000,74900,100,Z,F,0
36280000,74900,100,Z,F,0
36280000,74900,100,Z,F,0
36280000,74900,100,Z,F,0
36280000,74900,297,N,F,0
36280000,74900,100,Z,F,0
36280000,74900,100,Z,F,0
36280000,74900,100,Z,@,0
36280000,74900,100,Y,F,0
36280000,74900,400,J,@,0
36280000,74900,100,K,F,0
36280000,74900,500,K,F,0
36280000,74900,100,J,F,0
36280000,74900,100,J,F,0
36280000,74900,100,T,F,0
36280000,74900,100,T,F,0
36280000,74900,100,T,F,0
36280000,74900,1000,T,F,0
36280000,74900,600,T,F,0
36280000,74900,700,T,F,0
36280000,74900,100,T,F,0
36280000,74900,300,T,F,0
36280000,74900,818,T,F,0
36280000,74900,100,T,@,0
36280000,74900,100,Z,F,0
36280000,74900,100,Z,F,0
36280000,74900,100,Z,F,0
36280000,74900,282,T,F,0
36280000,74900,4000,T,F,0
36280000,74900,100,T,F,0
36280000,74900,400,T,F,0
36280000,74900,119,T,F,0
36281000,74900,200,P,@,0
36281000,74900,400,N,@,0
36283000,74900,200,J,@,0
36289000,74900,100,P,@,0
36302000,74900,100,K,@,0
36302000,74900,100,K,@,0
36302000,74900,100,T,F,0
36305000,74900,200,P,@,0
36305000,74900,100,K,@,0
36305000,74900,100,J,@,0
36305000,74900,100,K,@,0
36305000,74900,100,N,@,0
36308000,74900,100,Z,F,0
36308000,74900,100,Z,F,0
36308000,74900,1000,Z,F,0
36308000,74900,100,T,F,0
36308000,74900,100,Z,@,0
36308000,74900,600,T,F,0
36308000,74900,100,T,F,0
36308000,74900,100,T,F,0
36308000,74900,100,T,F,0
36308000,74900,1991,T,F,0
36308000,74900,200,N,F,0
36308000,74900,100,K,F,0
36308000,74900,100,Z,@,0
36308000,74900,500,Z,@,0
36308000,74900,300,Z,@,0
36308000,74900,100,T,@,0
36308000,74900,100,T,@,0
36308000,74900,100,T,@,0
36308000,74900,1700,T,@,0
36308000,74900,200,T,F,0
36308000,74900,800,T,F,0
36308000,74900,100,T,F,0
36308000,74900,100,T,F,0
36308000,74900,400,P,F,0
36308000,74900,900,J,@,0
36308000,74900,600,T,F,0
36308000,74900,100,T,F,0
36308000,74900,200,T,F,0
36308000,74900,100,Y,F,0
36308000,74900,200,J,F,0
36308000,74900,100,D,@,0
36308000,74900,900,D,@,0
36308000,74900,700,D,@,0
36308000,74900,1700,D,@,0
36308000,74900,1600,D,@,0
36308000,74900,1600,D,@,0
36343000,74900,200,B,@,0
36343000,74900,500,B,@,0
36345000,74900,100,Z,@,0
36381000,74900,100,Y,@,0
36531000,74800,298,Y,@,0
36569000,74900,100,B,@,0
36574000,74800,302,Y,@,0
36574000,74800,100,J,@,0
36615000,74900,100,Y,@,0
36624000,74800,600,N,@,0
36632000,74900,100,B,@,0
36736000,74900,100,N,@,0
36872000,74900,100,D,@,0
36982000,74900,100,B,@,0
37002000,74900,100,B,@,0
37022000,74900,100,D,@,0
37043000,74900,100,B,@,0
37063000,74900,100,B,@,0
37085000,74900,100,D,@,0
37104000,74900,100,B,@,0
37126000,74900,100,B,@,0
37146000,74900,100,D,@,0
37166000,74900,100,D,@,0
37187000,74900,100,D,@,0
37207000,74900,100,B,@,0
37229000,74900,100,D,@,0
37250000,74900,100,B,@,0
37270000,74900,100,B,@,0
37290000,74900,100,D,@,0
37310000,74900,100,B,@,0
37331000,74900,100,D,@,0
37352000,74900,100,B,@,0
37371000,74900,100,D,@,0
37392000,74900,100,D,@,0
37413000,74900,100,D,@,0
37433000,74900,100,D,@,0
37454000,74900,100,D,@,0
37475000,74900,100,D,@,0
37495000,74900,100,D,@,0
37517000,74900,100,D,@,0
37519000,74900,600,D,@,0
37537000,74900,100,D,@,0
37556000,74900,100,D,@,0
37577000,74900,100,D,@,0
37598000,74900,100,D,@,0
37618000,74900,100,D,@,0
37638000,74900,100,D,@,0
37658000,74900,100,D,@,0
37681000,74900,100,D,@,0
37699000,74900,100,D,@,0
37711000,74900,100,D,@,0
37720000,74900,100,D,@,0
37740000,74900,100,D,@,0
37761000,74900,100,D,@,0
37782000,74900,100,D,@,0
37787000,74800,600,D,@,0
37802000,74900,100,D,@,0
37822000,74900,100,D,@,0
37843000,74900,100,D,@,0
37863000,74900,100,D,@,0
37884000,74900,100,D,@,0
37904000,74900,100,D,@,0
37925000,74900,100,D,@,0
37946000,74900,100,D,@,0
37965000,74900,100,D,@,0
37986000,74900,100,D,@,0
37992000,74900,2000,D,@,0
37992000,74900,1800,D,@,0
37992000,74900,1400,D,@,0
37992000,74900,600,Y,@,0
37992000,74900,400,Y,@,0
37992000,74900,1500,Y,@,0
37992000,74900,100,Y,@,0
37992000,74900,1200,D,@,0
37992000,74900,800,D,@,0
37992000,74900,2000,D,@,0
37992000,74900,400,D,@,0
37992000,74900,300,D,@,0
37992000,74900,300,D,@,0
37992000,74900,100,D,@,0
38007000,74900,100,D,@,0
38027000,74900,100,N,@,0
38031000,74800,400,N,@,0
38047000,74900,100,D,@,0
38068000,74900,100,D,@,0
38088000,74900,100,N,@,0
38110000,74900,100,N,@,0
38128000,74900,100,D,@,0
38150000,74900,100,N,@,0
38171000,74900,100,D,@,0
38191000,74900,100,D,@,0
38212000,74900,100,D,@,0
38232000,74900,100,D,@,0
38253000,74900,100,N,@,0
38273000,74900,100,D,@,0
38293000,74900,100,N,@,0
38315000,74900,100,D,@,0
38324000,74800,1131,D,@,0
38335000,74900,100,D,@,0
38354000,74900,100,N,@,0
38361000,74900,111874,D,@,0
38361000,74900,200,Y,@,0
38361000,74900,100,Y,@,0
38361000,74900,100,Y,@,0
38361000,74900,100,Y,@,0
38361000,74900,200,Y,@,0
38361000,74900,3800,X,@,0
38361000,74900,3500,X,@,0
38361000,74900,100,X,@,0
38361000,74900,489,J,@,0
38361000,74900,2000,J,@,0
38361000,74900,2000,D,@,0
38361000,74900,2000,D,@,0
38361000,74900,2000,D,@,0
38361000,74900,2000,D,@,0
38361000,74900,2000,D,@,0
38361000,74900,100,J,@,0
38361000,74900,1000,J,@,0
38361000,74900,111,J,@,0
38375000,74900,100,N,@,0
38392000,74800,100,N,F,0
38395000,74900,100,N,@,0
38408000,74900,111874,D,@,0
38416000,74900,100,N,@,0
38434000,74900,111874,D,@,0
38434000,74900,300,X,@,0
38434000,74900,5000,N,@,0
38434000,74900,1311,J,@,0
38434000,74900,2000,D,@,0
38434000,74900,2000,D,@,0
38434000,74900,2000,D,@,0
38434000,74900,100,D,@,0
38434000,74900,2100,D,@,0
38436000,74900,100,N,@,0
38436000,74900,100,N,@,0
38444000,74900,100,N,@,0
38444000,74900,100,D,@,0
38458000,74900,100,N,@,0
38477000,74900,100,D,@,0
38497000,74900,100,N,@,0
38502000,74900,500,D,@,0
38519000,74900,100,N,@,0
38519000,74900,100,D,@,0
38538000,74900,100,D,@,0
38560000,74900,100,D,@,0
38580000,74900,100,N,@,0
38601000,74900,100,D,@,0
38623000,74900,100,N,@,0
38635000,74800,100,N,F,0
38640000,74900,100,D,@,0
38682000,74900,100,N,@,0
38682000,74900,100,D,@,0
38701000,74900,100,N,@,0
38723000,74900,100,N,@,0
38739000,74800,200,N,@,0
38744000,74900,100,N,@,0
38744000,74900,100,D,@,0
38767000,74900,100,J,F,0
38786000,74900,100,J,F,0
38808000,74900,100,J,F,0
38828000,74900,100,J,F,0
38830000,74800,200,N,F,0
38849000,74900,100,N,@,0
38871000,74900,100,N,@,0
38891000,74900,100,N,@,0
38891000,74900,100,D,@,0
38912000,74900,100,J,F,0
38933000,74900,100,J,F,0
38942000,74900,100,D,@,0
38955000,74900,100,N,@,0
38975000,74900,100,J,F,0
38996000,74900,100,J,F,0
39017000,74900,100,N,@,0
39039000,74900,100,J,F,0
39059000,74900,100,N,@,0
39080000,74900,100,J,F,0
39081000,74800,100,N,@,0
39101000,74900,100,N,@,0
39101000,74900,100,D,@,0
39123000,74900,100,N,@,0
39143000,74900,100,N,@,0
39143000,74900,100,D,@,0
39166000,74900,100,Z,@,0
39185000,74900,100,J,F,0
39207000,74900,100,N,@,0
39228000,74900,100,N,@,0
39249000,74900,100,N,@,0
39249000,74900,100,D,@,0
39270000,74900,100,N,@,0
39276000,74900,100,D,@,0
39281000,74800,100,N,F,0
39291000,74900,100,J,F,0
39294000,74900,100,Y,@,0
39294000,74900,1000,Y,@,0
39294000,74900,4600,J,@,0
39294000,74900,2000,D,@,0
39294000,74900,1600,D,@,0
39294000,74900,2000,D,@,0
39311000,74900,100,N,@,0
39311000,74900,100,D,@,0
39333000,74900,100,N,@,0
39355000,74900,100,J,F,0
39374000,74900,100,J,@,0
39374000,74900,100,J,F,0
39382000,74800,100,N,@,0
39387000,74800,100,N,@,0
39395000,74900,100,N,@,0
39395000,74900,100,D,@,0
39417000,74900,100,N,@,0
39437000,74900,100,J,F,0
39458000,74900,100,N,@,0
39479000,74900,100,J,F,0
39502000,74900,100,J,F,0
39523000,74900,100,J,F,0
39543000,74900,100,N,@,0
39543000,74900,100,D,@,0
39555000,74800,100,D,@,0
39565000,74900,100,J,F,0
39585000,74900,100,N,@,0
39586000,74800,120,J,F,0
39606000,74900,889,J,@,0
39606000,74900,100,J,@,0
39606000,74900,1000,J,@,0
39606000,74900,100,J,@,0
39606000,74900,6011,J,@,0
39606000,74900,1300,J,@,0
39606000,74900,1300,J,@,0
39606000,74900,1600,J,@,0
39606000,74900,1300,J,@,0
39606000,74900,2000,J,@,0
39606000,74900,7400,J,@,0
39606000,74900,7500,J,@,0
39606000,74900,1900,J,@,0
39606000,74900,2100,D,@,0
39606000,74900,7500,J,@,0
39606000,74900,2000,J,@,0
39606000,74900,2689,J,@,0
39606000,74900,24411,N,@,0
39606000,74900,1000,N,@,0
39607000,74900,100,Y,F,0
39626000,74900,100,N,F,0
39626000,74900,100,N,@,0
39635000,74900,100,X,@,0
39635000,74900,11200,N,@,0
39635000,74900,1000,N,@,0
39647000,74900,100,N,@,0
39647000,74900,100,N,@,0
39659000,74800,100,N,F,0
39670000,74900,100,N,F,0
39670000,74900,100,N,@,0
39689000,74800,300,N,F,0
39689000,74900,100,N,@,0
39689000,74900,100,N,@,0
39706000,74900,100,J,@,0
39711000,74900,100,N,F,0
39711000,74900,100,N,@,0
39717000,74900,100,J,@,0
39731000,74900,100,N,F,0
39731000,74900,100,N,@,0
39753000,74900,100,N,@,0
39753000,74900,100,N,@,0
39775000,74900,100,J,F,0
39795000,74900,100,N,F,0
39795000,74900,100,N,@,0
39816000,74900,100,N,@,0
39816000,74900,100,N,@,0
39838000,74900,100,N,@,0
39838000,74900,100,N,@,0
39858000,74900,100,N,F,0
39858000,74900,100,N,@,0
39880000,74900,100,N,@,0
39880000,74900,100,N,@,0
39903000,74900,100,N,F,0
39903000,74900,100,N,@,0
39923000,74900,100,N,F,0
39923000,74900,100,N,@,0
39942000,74900,100,D,@,0
39943000,74900,100,N,F,0
39943000,74900,100,N,@,0
39964000,74900,100,N,F,0
39964000,74900,100,N,@,0
39985000,74900,100,N,F,0
39985000,74900,100,N,@,0
40006000,74900,100,N,F,0
40006000,74900,100,N,@,0
40028000,74900,100,N,F,0
40028000,74900,100,N,@,0
40049000,74900,100,N,F,0
40049000,74900,100,N,@,0
40070000,74900,100,N,@,0
40070000,74900,100,N,@,0
40079000,74800,100,N,@,0
40090000,74900,100,N,@,0
40090000,74900,100,N,@,0
40112000,74900,100,N,@,0
40112000,74900,100,N,@,0
40133000,74900,100,N,@,0
40133000,74900,100,N,@,0
40155000,74900,100,N,F,0
40155000,74900,100,N,@,0
40175000,74900,100,N,@,0
40175000,74900,100,N,@,0
40196000,74900,100,N,@,0
40196000,74900,100,N,@,0
40218000,74900,100,N,@,0
40218000,74900,100,N,@,0
40233000,74900,1300,N,@,0
40233000,74900,500,N,@,0
40234000,74900,100,Z,@,0
40239000,74900,100,N,@,0
40239000,74900,100,N,@,0
40259000,74900,100,N,@,0
40259000,74900,100,N,@,0
40280000,74900,100,J,F,0
40298000,74900,100,J,@,0
40302000,74900,100,N,@,0
40302000,74900,100,N,@,0
40323000,74900,100,J,F,0
40343000,74900,100,J,F,0
40365000,74900,100,J,F,0
40367000,74900,1300,N,@,0
40367000,74900,500,N,@,0
40375000,74900,12400,J,@,0
40380000,74900,2500,N,@,0
40380000,74900,1600,Z,@,0
40380000,74900,400,Z,@,0
40380000,74900,2100,J,@,0
40380000,74900,600,N,@,0
40380000,74900,600,N,@,0
40380000,74900,700,N,@,0
40380000,74900,600,N,@,0
40381000,74900,200,D,@,0
40386000,74900,824,J,@,0
40387000,74900,100,J,F,0
40407000,74900,100,J,F,0
40410000,74900,2697,J,F,0
40410000,74900,100,J,@,0
40430000,74900,100,P,F,0
40433000,74900,100,D,@,0
40450000,74900,100,J,F,0
40472000,74900,100,N,@,0
40492000,74900,100,N,@,0
40513000,74900,100,N,@,0
40544000,74900,100,J,@,0
40569000,74900,100,J,F,0
40597000,74900,100,J,F,0
40624000,74900,100,J,F,0
40669000,74900,100,D,@,0
40680000,74900,100,N,@,0
40736000,74900,100,J,F,0
40770000,74900,100,D,@,0
40792000,74900,100,J,F,0
40803000,74900,100,Z,@,0
40847000,74900,100,N,@,0
40902000,74900,100,J,@,0
40902000,74900,100,J,F,0
40959000,74900,100,N,@,0
41014000,74900,100,J,F,0
41024000,74900,100,J,@,0
41071000,74900,100,J,F,0
41128000,74900,100,N,@,0
41184000,74900,100,N,@,0
41202000,74900,100,J,@,0
41206000,74900,400,Z,@,0
41206000,74900,9800,J,@,0
41206000,74900,2000,D,@,0
41239000,74900,100,J,F,0
41296000,74900,100,J,F,0
41351000,74900,100,N,@,0
41408000,74900,100,J,F,0
41444000,74900,100,J,@,0
41464000,74900,100,N,@,0
41520000,74900,100,J,F,0
41552000,74900,1000,J,@,0
41576000,74900,100,N,@,0
41582000,74800,400,N,@,0
41617000,74800,100,D,@,0
41617000,74800,200,D,@,0
41631000,74900,100,N,@,0
41688000,74900,100,J,F,0
41689000,74900,100,J,@,0
41701000,74900,100,J,@,0
41744000,74900,100,N,@,0
41751000,74800,200,D,@,0
41780000,74900,100,D,@,0
41800000,74900,300,Z,@,0
41800000,74900,100,N,@,0
41858000,74900,100,N,@,0
41913000,74900,100,J,F,0
41970000,74900,100,N,@,0
42026000,74900,100,N,@,0
42075000,74900,100,J,@,0
42083000,74900,100,N,@,0
42100000,74900,11700,J,@,0
42103000,74900,1000,J,@,0
42115000,74900,500,J,@,0
42140000,74900,100,N,@,0
42158000,74900,1000,J,@,0
42170000,74900,100,D,@,0
42195000,74900,100,N,@,0
42253000,74900,100,J,F,0
42292000,74900,100,J,@,0
42308000,74900,100,N,@,0
42378000,74900,100,N,@,0
42448000,74900,100,N,F,0
42459000,74800,200,N,@,0
42513000,74900,100,N,@,0
42583000,74900,100,N,F,0
42644000,74900,100,D,@,0
42650000,74900,100,N,@,0
42674000,74800,100,N,F,0
42719000,74900,100,N,F,0
42758000,74800,200,N,@,0
42784000,74900,100,N,@,0
42785000,74900,100,Z,@,0
42789000,74800,100,N,@,0
42845000,74800,147,D,@,0
42851000,74900,100,Y,F,0
42875000,74900,100,D,@,0
42916000,74900,290,D,@,0
42921000,74900,100,Y,F,0
42989000,74900,721,Z,@,0
42989000,74900,1500,N,@,0
42989000,74900,1000,Z,@,0
42989000,74900,600,T,@,0
42989000,74900,200,Z,@,0
42989000,74900,500,Z,@,0
42989000,74900,200,Z,@,0
42989000,74900,298,T,@,0
42989000,74900,4000,Z,@,0
42989000,74900,1000,Z,@,0
42989000,74900,1702,T,F,0
42989000,74900,3400,T,F,0
42989000,74900,100,T,F,0
42989000,74900,400,P,F,0
42989000,74900,200,P,F,0
42989000,74900,200,P,F,0
42989000,74900,300,P,F,0
42989000,74900,100,P,F,0
42989000,74900,200,P,F,0
42989000,74900,100,P,F,0
42989000,74900,300,P,F,0
42989000,74900,100,P,F,0
42989000,74900,100,K,F,0
42989000,74900,100,K,F,0
42989000,75000,600,D,@,0
42989000,75000,100,D,@,0
42989000,75000,100,Z,@,0
42989000,74900,1000,D,F,0
43005000,75000,100,D,@,0
43061000,75000,100,Z,@,0
43131000,75000,100,Z,@,0
43201000,75000,100,Z,@,0
43271000,75000,100,Z,@,0
43274000,75000,100,D,@,0
43300000,75000,100,J,@,0
43319000,75000,100,D,@,0
43319000,75000,100,D,@,0
43319000,75000,200,D,@,0
43319000,75000,600,D,@,0
43319000,75000,1600,D,@,0
43319000,75000,100,D,@,0
43319000,75000,100,D,@,0
43319000,75000,100,D,@,0
43319000,75000,100,D,@,0
43319000,75000,100,D,@,0
43319000,75000,1700,D,@,0
43319000,75000,100,D,@,0
43319000,75000,100,D,@,0
43319000,75000,100,D,@,0
43319000,75000,100,D,@,0
43319000,75000,100,D,@,0
43319000,75000,100,D,@,0
43319000,75000,200,D,@,0
43319000,75000,100,D,@,0
43319000,75000,500,B,@,0
43319000,75000,300,B,@,0
43319000,75000,100,D,@,0
43319000,75000,100,D,@,0
43319000,75000,100,D,@,0
43319000,75000,1000,D,@,0
43319000,75000,100,D,@,0
43319000,75000,100,D,@,0
43319000,75000,200,D,@,0
43319000,75000,100,D,@,0
43319000,75000,200,D,@,0
43342000,75000,100,D,@,0
43363000,75000,100,D,@,0
43363000,75000,100,D,@,0
43363000,75000,100,D,@,0
43363000,75000,100,D,@,0
43363000,75000,100,D,@,0
43363000,75000,100,D,@,0
43363000,75000,100,D,@,0
43363000,75000,100,D,@,0
43373000,75000,100,D,@,0
43383000,75000,100,D,@,0
43383000,75000,100,D,@,0
43393000,75000,100,D,@,0
43403000,75000,100,D,@,0
43403000,75000,100,D,@,0
43412000,75000,100,B,@,0
43413000,75000,100,D,@,0
43423000,75000,100,D,@,0
43432000,74900,300,N,@,0
43433000,75000,100,D,@,0
43443000,75000,100,D,@,0
43453000,75000,100,D,@,0
43453000,75000,100,D,@,0
43463000,75000,100,D,@,0
43473000,75000,100,D,@,0
43473000,75000,100,D,@,0
43482000,75000,100,B,@,0
43483000,75000,100,D,@,0
43493000,75000,100,D,@,0
43503000,75000,100,D,@,0
43513000,75000,100,D,@,0
43513000,75000,100,D,@,0
43524000,74900,500,D,@,0
43524000,74900,500,D,@,0
43553000,75000,100,D,@,0
43568000,74900,500,D,@,0
43569000,74900,500,D,@,0
43605000,74900,500,D,@,0
43605000,74900,500,D,@,0
43641000,74900,500,D,@,0
43641000,74900,500,D,@,0
43793000,75000,122,J,@,0
43883000,75000,100,D,@,0
43883000,75000,500,B,@,0
43883000,75000,100,B,@,0
43883000,75000,900,B,@,0
43883000,75000,100,D,@,0
43883000,75000,100,D,@,0
43883000,75000,100,D,@,0
43883000,75000,100,D,@,0
43883000,75000,300,D,@,0
43883000,75000,100,D,@,0
43899000,75000,100,J,@,0
43905000,75000,100,D,@,0
43905000,75000,100,B,@,0
43906000,75000,100,D,@,0
43915000,75000,100,D,@,0
43916000,75000,100,D,@,0
43926000,75000,100,D,@,0
43936000,75000,100,D,@,0
43945000,75000,100,B,@,0
43945000,75000,100,Y,@,0
43946000,75000,100,D,@,0
43955000,75000,100,Y,@,0
43965000,75000,100,Y,@,0
43975000,75000,200,Y,@,0
43985000,75000,100,Y,@,0
43995000,75000,100,Y,@,0
43998000,75000,400,Y,F,0
43998000,75000,800,Y,F,0
43998000,75000,500,Y,F,0
43998000,75000,100,Y,F,0
43998000,75000,900,Y,F,0
44004000,75000,1000,J,@,0
44005000,75000,100,D,@,0
44005000,75000,100,D,@,0
44005000,75000,100,D,@,0
44005000,75000,100,D,@,0
44009000,75000,100,D,@,0
44015000,75000,100,Y,@,0
44015000,75000,100,Y,@,0
44017000,75000,100,Y,@,0
44024000,75000,200,Y,@,0
44024000,75000,300,Y,@,0
44025000,75000,100,J,@,0
44035000,75000,100,D,@,0
44036000,75000,100,D,@,0
44046000,75000,100,D,@,0
44056000,75000,100,D,@,0
44060000,74900,100,N,@,0
44068000,75000,100,Y,@,0
44072000,75000,100,J,F,0
44082000,75000,100,D,@,0
44092000,75000,100,D,@,0
44095000,75000,100,D,@,0
44139000,75000,100,J,@,0
44173000,75000,100,Y,@,0
44173000,75000,700,J,@,0
44183000,75000,100,J,@,0
44193000,75000,200,J,@,0
44203000,75000,100,J,@,0
44213000,75000,100,Y,@,0
44223000,75000,200,J,@,0
44233000,75000,100,J,@,0
44237000,75000,100,J,F,0
44243000,75000,100,J,@,0
44253000,75000,200,J,@,0
44263000,75000,100,J,@,0
44273000,75000,100,J,@,0
44283000,75000,100,J,@,0
44293000,75000,100,J,@,0
44303000,75000,200,J,@,0
44313000,75000,100,J,@,0
44323000,75000,100,J,@,0
44333000,75000,100,J,@,0
44343000,75000,100,J,@,0
44353000,75000,200,J,@,0
44363000,75000,100,J,@,0
44373000,75000,100,J,@,0
44383000,75000,100,J,@,0
44393000,75000,100,J,@,0
44403000,75000,100,J,@,0
44404000,75000,100,J,F,0
44413000,75000,100,J,@,0
44423000,75000,100,D,@,0
44423000,75000,100,D,@,0
44433000,75000,100,D,@,0
44443000,75000,100,D,@,0
44453000,75000,100,D,@,0
44463000,75000,100,D,@,0
44473000,75000,100,Y,@,0
44483000,75000,100,J,@,0
44493000,75000,200,J,@,0
44503000,75000,100,D,@,0
44505000,75000,100,J,@,0
44513000,75000,100,D,@,0
44523000,75000,100,D,@,0
44533000,75000,100,D,@,0
44543000,75000,100,D,@,0
44553000,75000,200,J,@,0
44563000,75000,100,Y,@,0
44568000,75000,100,J,F,0
44573000,75000,100,Y,@,0
44583000,75000,100,Y,@,0
44593000,75000,100,Y,@,0
44603000,75000,100,Y,@,0
44613000,75000,100,J,@,0
44623000,75000,200,J,@,0
44633000,75000,100,Y,@,0
44643000,75000,100,Y,@,0
44653000,75000,100,D,@,0
44654000,74900,200,D,@,0
44734000,75000,100,N,@,0
44770000,75000,100,B,@,0
44778000,75000,100,Y,@,0
44810000,75000,200,Y,@,0
44810000,75000,200,Y,@,0
44810000,75000,1200,J,@,0
44820000,75000,100,J,@,0
44830000,75000,200,J,@,0
44840000,75000,100,J,@,0
44850000,75000,100,J,@,0
44850000,74900,300,N,@,0
44895000,75000,100,N,@,0
44963000,75000,100,Y,@,0
44963000,75000,100,Y,@,0
44963000,75000,100,Y,@,0
44963000,75000,100,Y,@,0
44963000,75000,800,J,@,0
44973000,75000,200,J,@,0
44983000,75000,100,J,@,0
44993000,75000,200,J,@,0
45003000,75000,100,J,@,0
45013000,75000,100,J,@,0
45023000,75000,100,J,@,0
45033000,75000,200,J,@,0
45043000,75000,100,J,@,0
45053000,75000,100,J,@,0
45062000,75000,100,N,@,0
45063000,75000,100,J,@,0
45073000,75000,200,J,@,0
45083000,75000,100,J,@,0
45083000,75000,100,J,@,0
45093000,75000,100,J,@,0
45103000,75000,100,J,@,0
45113000,75000,100,J,@,0
45118000,74900,100,N,@,0
45123000,75000,100,D,@,0
45133000,75000,100,D,@,0
45143000,75000,100,D,@,0
45147000,74900,100,D,@,0
45387000,75000,100,B,@,0
45387000,75000,100,D,@,0
45404000,74900,100,N,@,0
45529000,75000,100,D,@,0
45547000,75000,100,D,@,0
45598000,75000,1200,D,@,0
45598000,75000,100,D,@,0
45598000,75000,1200,D,@,0
45598000,75000,100,Y,@,0
45598000,75000,100,Y,@,0
45598000,75000,400,Y,@,0
45598000,75000,600,D,@,0
45598000,75000,400,D,@,0
45598000,75000,600,D,@,0
45636000,75000,100,D,@,0
45636000,75000,100,D,@,0
45636000,75000,200,D,@,0
45636000,75000,200,D,@,0
45646000,75000,100,D,@,0
45656000,75000,100,D,@,0
45656000,75000,100,D,@,0
45666000,75000,100,D,@,0
45676000,75000,100,D,@,0
45686000,75000,100,D,@,0
45691000,75000,100,J,@,0
45696000,75000,100,D,@,0
45696000,75000,100,D,@,0
45706000,75000,100,D,@,0
45708000,75000,100,D,@,0
45716000,75000,100,D,@,0
45726000,75000,100,D,@,0
45729000,75000,100,D,@,0
45743000,75000,100,D,@,0
45754000,75000,100,D,@,0
45757000,74900,200,N,@,0
45757000,75000,100,B,@,0
45826000,74900,100,N,@,0
45865000,75000,100,D,@,0
45933000,75000,500,D,@,0
45933000,75000,500,D,@,0
45933000,75000,500,D,@,0
45933000,75000,400,D,@,0
45934000,75000,100,B,@,0
45949000,75000,100,B,@,0
45949000,75000,100,B,@,0
45955000,75000,100,B,@,0
45983000,75000,100,B,@,0
45986000,75000,100,D,@,0
46028000,75000,200,D,@,0
46028000,75000,300,D,@,0
46028000,75000,300,D,@,0
46028000,75000,300,D,@,0
46038000,75000,100,D,@,0
46048000,75000,100,D,@,0
46048000,75000,100,D,@,0
46058000,75000,100,D,@,0
46068000,75000,100,D,@,0
46078000,75000,100,D,@,0
46078000,75000,100,D,@,0
46088000,75000,100,D,@,0
46098000,75000,100,D,@,0
46105000,75000,100,D,@,0
46108000,75000,100,D,@,0
46118000,75000,100,D,@,0
46128000,75000,100,D,@,0
46128000,75000,100,D,@,0
46138000,75000,100,D,@,0
46148000,75000,100,D,@,0
46158000,75000,100,D,@,0
46168000,75000,100,D,@,0
46178000,75000,100,D,@,0
46188000,75000,100,D,@,0
46191000,75000,1200,J,@,0
46198000,75000,100,D,@,0
46198000,75000,100,D,@,0
46198000,75000,100,D,@,0
46208000,75000,100,D,@,0
46212000,74900,200,N,@,0
46224000,75000,100,D,@,0
46244000,75000,100,D,@,0
46244000,75000,100,D,@,0
46254000,75000,100,D,@,0
46254000,75000,100,D,@,0
46264000,75000,100,D,@,0
46274000,75000,100,D,@,0
46284000,75000,100,D,@,0
46294000,75000,100,D,@,0
46294000,75000,100,D,@,0
46304000,75000,100,D,@,0
46314000,75000,100,D,@,0
46324000,75000,100,D,@,0
46324000,74900,100,J,@,0
46342000,75000,100,D,@,0
46346000,74900,100,N,@,0
46347000,75000,200,B,@,0
46347000,74900,100,B,@,0
46347000,74900,100,B,@,0
46350000,74900,100,B,@,0
46350000,74900,100,J,@,0
46383000,74900,100,N,F,0
46408000,75000,100,D,@,0
46443000,75000,100,D,@,0
46503000,75000,400,D,@,0
46503000,75000,100,D,@,0
46503000,75000,400,D,@,0
46503000,75000,100,D,@,0
46503000,75000,400,D,@,0
46503000,75000,400,D,@,0
46519000,75000,100,D,@,0
46519000,75000,100,D,@,0
46520000,75000,100,B,@,0
46529000,74900,100,J,@,0
46529000,75000,100,D,@,0
46529000,75000,100,D,@,0
46537000,74900,100,J,@,0
46650000,74900,100,J,@,0
46704000,74900,100,B,@,0
46704000,74900,100,B,@,0
46705000,75000,100,Z,@,0
46710000,74900,100,J,@,0
46713000,75000,100,D,@,0
46736000,74900,2280,D,@,0
46797000,74900,100,B,@,0
46799000,74900,100,B,@,0
46826000,74900,100,N,@,0
46840000,74900,100,J,@,0
46843000,74900,100,B,@,0
46850000,74900,100,B,@,0
46850000,74900,100,B,@,0
46851000,74900,100,B,@,0
46851000,74900,100,B,@,0
46851000,74900,106,J,F,0
46851000,74900,100,B,@,0
46852000,74900,100,N,@,0
46854000,74900,100,B,@,0
46856000,74900,100,B,@,0
46858000,74900,200,N,@,0
46869000,74900,100,N,F,0
46876000,74900,100,B,@,0
46885000,74900,100,B,@,0
46885000,74900,100,B,@,0
46896000,74900,100,B,@,0
46896000,74900,100,B,@,0
46896000,74900,200,B,@,0
46896000,74900,100,B,@,0
46896000,74900,100,B,@,0
46896000,74900,129,J,F,0
46897000,74900,100,J,@,0
46898000,74900,200,N,F,0
46898000,74900,100,B,@,0
46899000,74900,100,N,@,0
46899000,75000,100,D,@,0
46899000,74900,100,B,@,0
46903000,74900,100,B,@,0
46906000,74900,100,B,@,0
46907000,74900,100,B,@,0
46941000,74900,600,N,@,0
47000000,75000,200,D,@,0
47000000,75000,1500,D,@,0
47028000,74900,100,J,@,0
47129000,74900,3500,N,@,0
47137000,74900,100,J,@,0
47194000,74900,100,B,@,0
47259000,74900,100,J,@,0
47317000,74900,100,J,@,0
47423000,75000,100,D,@,0
47467000,75000,400,D,@,0
47467000,75000,100,D,@,0
47467000,75000,100,D,@,0
47467000,75000,100,D,@,0
47467000,75000,100,D,@,0
47467000,75000,100,D,@,0
47467000,75000,100,D,@,0
47467000,75000,1800,D,@,0
47467000,75000,200,B,@,0
47467000,75000,100,D,@,0
47467000,75000,1000,B,@,0
47467000,75000,200,B,@,0
47467000,75000,800,B,@,0
47467000,75000,100,D,@,0
47467000,75000,100,D,@,0
47467000,75000,400,D,@,0
47467000,75000,100,D,@,0
47467000,75000,100,D,@,0
47467000,75000,2000,D,@,0
47467000,75000,100,D,@,0
47467000,75000,100,D,@,0
47467000,75000,100,D,@,0
47467000,75000,100,D,@,0
47467000,75000,100,D,@,0
47467000,75000,100,D,@,0
47467000,75000,100,D,@,0
47467000,75000,100,D,@,0
47467000,75000,100,D,@,0
47467000,75000,100,D,@,0
47467000,75000,100,D,@,0
47467000,75000,100,D,@,0
47467000,75000,100,D,@,0
47467000,75000,100,D,@,0
47467000,75000,100,D,@,0
47467000,75000,100,D,@,0
47467000,75000,100,D,@,0
47467000,75000,100,D,@,0
47468000,75000,1200,D,@,0
47468000,75000,100,D,@,0
47477000,75000,100,D,@,0
47479000,74900,100,J,@,0
47533000,75000,100,D,@,0
47541000,75000,100,D,@,0
47552000,74900,100,J,@,0
47581000,74900,100,N,F,0
47608000,75000,100,D,@,0
47613000,75000,100,D,@,0
47668000,75000,100,D,@,0
47683000,75000,100,B,@,0
47683000,75000,100,D,@,0
47683000,75000,600,D,@,0
47683000,75000,100,D,@,0
47683000,75000,700,D,@,0
47683000,75000,700,D,@,0
47683000,75000,100,D,@,0
47683000,75000,500,D,@,0
47693000,75000,100,J,@,0
47693000,75000,100,D,@,0
47702000,75000,100,D,@,0
47719000,74900,100,J,@,0
47779000,75000,100,D,@,0
47837000,74900,100,N,F,0
47838000,75000,100,D,@,0
47863000,75000,100,J,@,0
47863000,75000,100,Z,@,0
47863000,75000,100,T,@,0
47863000,75000,100,D,@,0
47863000,75000,100,D,@,0
47863000,75000,100,D,@,0
47863000,75000,200,D,@,0
47863000,75000,100,D,@,0
47863000,75000,300,D,@,0
47863000,75000,100,D,@,0
47863000,75000,200,D,@,0
47863000,75000,100,D,@,0
47863000,75000,100,D,@,0
47863000,75000,200,D,@,0
47863000,75000,100,D,@,0
47863000,75000,100,D,@,0
47907000,75000,100,D,@,0
47913000,75000,100,D,@,0
47928000,75000,100,J,@,0
47972000,75000,100,D,@,0
47988000,75000,100,D,@,0
48008000,75000,300,D,@,0
48008000,75000,400,D,@,0
48008000,75000,100,D,@,0
48008000,75000,100,D,@,0
48008000,75000,100,D,@,0
48008000,75000,400,D,@,0
48008000,75000,100,D,@,0
48008000,75000,100,D,@,0
48008000,75000,100,D,@,0
48020000,75000,100,D,@,0
48020000,75000,100,D,@,0
48023000,75000,100,D,@,0
48030000,75000,100,D,@,0
48040000,75000,100,D,@,0
48040000,75000,100,D,@,0
48050000,75000,100,D,@,0
48053000,74900,100,J,@,0
48072000,75000,100,D,@,0
48099000,75000,100,D,@,0
48099000,75000,100,D,@,0
48099000,75000,100,D,@,0
48099000,75000,100,D,@,0
48099000,75000,100,D,@,0
48107000,75000,100,D,@,0
48109000,75000,100,D,@,0
48109000,75000,100,D,@,0
48119000,75000,100,D,@,0
48129000,75000,100,D,@,0
48139000,75000,100,D,@,0
48139000,75000,100,D,@,0
48141000,75000,100,J,@,0
48142000,75000,100,D,@,0
48149000,75000,100,D,@,0
48159000,75000,100,D,@,0
48169000,75000,100,D,@,0
48169000,75000,100,D,@,0
48179000,75000,100,D,@,0
48189000,75000,100,D,@,0
48193000,75000,100,D,@,0
48193000,74900,100,N,@,0
48199000,75000,100,D,@,0
48209000,75000,100,D,@,0
48219000,75000,100,D,@,0
48229000,75000,100,D,@,0
48229000,75000,100,D,@,0
48239000,75000,100,D,@,0
48244000,75000,100,D,@,0
48249000,75000,100,D,@,0
48259000,75000,100,D,@,0
48261000,75000,100,J,@,0
48269000,75000,100,D,@,0
48279000,75000,100,D,@,0
48289000,75000,100,D,@,0
48289000,75000,100,D,@,0
48299000,75000,100,D,@,0
48308000,75000,100,D,@,0
48309000,75000,100,D,@,0
48319000,75000,100,D,@,0
48319000,75000,100,D,@,0
48329000,75000,100,D,@,0
48339000,75000,100,D,@,0
48349000,75000,100,D,@,0
48359000,75000,100,D,@,0
48364000,74900,100,N,F,0
48369000,75000,100,D,@,0
48370000,75000,100,D,@,0
48379000,75000,100,D,@,0
48383000,75000,100,J,@,0
48389000,75000,100,D,@,0
48399000,75000,100,D,@,0
48409000,75000,100,D,@,0
48409000,75000,100,D,@,0
48419000,75000,100,D,@,0
48424000,74900,200,N,@,0
48429000,75000,100,D,@,0
48439000,75000,100,D,@,0
48449000,75000,100,D,@,0
48449000,75000,100,D,@,0
48454000,74900,200,N,F,0
48462000,75000,100,J,@,0
48576000,74900,100,N,@,0
48624000,74900,100,D,@,0
48624000,74900,100,D,@,0
48772000,74900,100,J,@,0
48802000,74900,100,J,@,0
48815000,75000,100,D,@,0
48825000,74900,100,J,@,0
48885000,74900,500,D,@,0
48904000,74900,200,N,@,0
48904000,75000,100,D,@,0
48916000,74900,100,N,F,0
48940000,74900,200,N,F,0
48981000,75000,100,Z,@,0
49026000,74900,100,J,F,0
49148000,74900,100,N,@,0
49154000,74900,100,B,@,0
49154000,74900,100,B,@,0
49154000,74900,100,B,@,0
49182000,74900,100,B,@,0
49253000,75000,700,D,@,0
49253000,75000,100,D,@,0
49253000,75000,100,D,@,0
49253000,75000,100,D,@,0
49253000,75000,800,D,@,0
49253000,75000,100,D,@,0
49253000,75000,100,D,@,0
49253000,74900,100,J,@,0
49253000,75000,100,D,@,0
49253000,75000,800,D,@,0
49253000,75000,100,D,@,0
49253000,75000,100,D,@,0
49253000,75000,100,D,@,0
49253000,75000,100,D,@,0
49253000,75000,100,D,@,0
49253000,75000,300,D,@,0
49253000,75000,100,D,@,0
49309000,75000,1600,D,@,0
49309000,75000,100,D,@,0
49309000,75000,100,D,@,0
49309000,75000,100,D,@,0
49309000,75000,800,D,@,0
49309000,75000,100,D,@,0
49309000,75000,200,D,@,0
49309000,75000,100,D,@,0
49309000,75000,200,D,@,0
49309000,75000,200,D,@,0
49309000,75000,100,D,@,0
49309000,75000,1500,D,@,0
49309000,75000,700,D,@,0
49309000,75000,900,D,@,0
49323000,74900,100,J,@,0
49324000,75000,100,D,@,0
49348000,75000,100,D,@,0
49356000,75000,100,D,@,0
49356000,75000,100,D,@,0
49356000,75000,100,D,@,0
49356000,75000,100,D,@,0
49356000,75000,200,D,@,0
49356000,75000,100,D,@,0
49356000,75000,100,D,@,0
49366000,75000,100,D,@,0
49376000,75000,100,D,@,0
49376000,75000,100,D,@,0
49386000,75000,100,D,@,0
49396000,75000,100,D,@,0
49396000,75000,100,D,@,0
49400000,74900,245,D,@,0
49409000,75000,100,D,@,0
49409000,75000,100,D,@,0
49412000,75000,100,D,@,0
49428000,75000,100,D,@,0
49428000,75000,100,D,@,0
49428000,75000,100,D,@,0
49428000,75000,100,D,@,0
49438000,75000,100,D,@,0
49448000,75000,100,D,@,0
49448000,75000,100,D,@,0
49458000,75000,100,D,@,0
49468000,75000,100,D,@,0
49477000,75000,100,J,@,0
49478000,75000,100,D,@,0
49478000,75000,100,D,@,0
49479000,75000,100,D,@,0
49488000,75000,100,D,@,0
49490000,75000,100,D,@,0
49498000,75000,100,D,@,0
49498000,75000,100,D,@,0
49508000,75000,100,D,@,0
49518000,75000,100,D,@,0
49518000,75000,100,D,@,0
49518000,75000,100,D,@,0
49518000,75000,100,D,@,0
49528000,75000,100,D,@,0
49538000,75000,100,D,@,0
49540000,75000,109,J,F,0
49540000,75000,100,J,@,0
49548000,75000,100,D,@,0
49558000,75000,100,D,@,0
49558000,75000,100,D,@,0
49568000,75000,100,D,@,0
49578000,75000,100,D,@,0
49588000,75000,100,D,@,0
49588000,75000,100,D,@,0
49597000,75000,100,D,@,0
49598000,75000,100,D,@,0
49608000,75000,100,D,@,0
49608000,75000,100,D,@,0
49618000,75000,100,D,@,0
49628000,75000,100,D,@,0
49638000,75000,100,D,@,0
49638000,75000,100,D,@,0
49639000,75000,100,D,@,0
49644000,74900,100,N,F,0
49650000,75000,100,D,@,0
49660000,75000,100,D,@,0
49670000,75000,100,D,@,0
49680000,75000,100,D,@,0
49680000,75000,100,D,@,0
49682000,75000,100,D,@,0
49682000,75000,100,D,@,0
49690000,75000,100,D,@,0
49700000,75000,100,D,@,0
49700000,75000,100,D,@,0
49710000,75000,100,D,@,0
49720000,75000,100,D,@,0
49730000,75000,100,D,@,0
49730000,75000,100,D,@,0
49740000,75000,100,D,@,0
49745000,75000,100,D,@,0
49750000,75000,100,D,@,0
49750000,75000,100,D,@,0
49760000,75000,100,D,@,0
49770000,75000,100,D,@,0
49780000,75000,100,D,@,0
49780000,75000,100,D,@,0
49790000,75000,100,D,@,0
49794000,75000,100,D,@,0
49800000,75000,100,D,@,0
49810000,75000,100,D,@,0
49810000,75000,100,D,@,0
49820000,75000,100,D,@,0
49820000,74900,100,N,@,0
49847000,75000,100,D,@,0
49874000,74900,121,J,F,0
49874000,74900,100,J,@,0
49907000,75000,100,D,@,0
49919000,75000,400,D,@,0
49919000,75000,200,D,@,0
49919000,75000,200,D,@,0
49919000,75000,200,D,@,0
49919000,75000,200,D,@,0
49919000,75000,200,D,@,0
49919000,75000,100,D,@,0
49919000,75000,1200,D,@,0
49924000,75000,100,Z,@,0
49965000,75000,100,J,@,0
49970000,75000,100,D,@,0
50003000,75000,600,D,@,0
50003000,75000,700,D,@,0
50003000,75000,100,D,@,0
50003000,75000,100,D,@,0
50003000,75000,200,D,@,0
50003000,75000,200,D,@,0
50003000,75000,200,D,@,0
50003000,75000,200,D,@,0
50003000,75000,300,D,@,0
50003000,75000,100,D,@,0
50030000,75000,100,D,@,0
50030000,75000,300,D,@,0
50040000,75000,100,D,@,0
50050000,75000,100,D,@,0
50050000,75000,100,D,@,0
50050000,75000,100,D,@,0
50060000,75000,100,D,@,0
50060000,75000,100,D,@,0
50070000,75000,100,D,@,0
50080000,75000,100,D,@,0
50080000,75000,100,D,@,0
50085000,75000,100,J,@,0
50090000,75000,100,D,@,0
50100000,75000,100,D,@,0
50110000,75000,100,D,@,0
50110000,75000,100,D,@,0
50110000,75000,100,D,@,0
50120000,75000,100,D,@,0
50130000,75000,100,D,@,0
50130000,75000,100,D,@,0
50140000,75000,100,D,@,0
50146000,74900,100,B,@,0
50146000,75000,100,J,@,0
50150000,75000,100,D,@,0
50160000,75000,100,D,@,0
50160000,75000,100,D,@,0
50160000,75000,100,D,@,0
50161000,74900,100,N,F,0
50167000,75000,100,D,@,0
50170000,75000,100,D,@,0
50180000,75000,100,D,@,0
50180000,75000,100,D,@,0
50184000,74900,100,N,F,0
50185000,75000,100,Y,@,0
50190000,75000,100,D,@,0
50200000,75000,100,D,@,0
50200000,75000,100,D,@,0
50210000,75000,100,D,@,0
50220000,75000,100,D,@,0
50220000,75000,100,D,@,0
50230000,75000,100,D,@,0
50240000,75000,100,D,@,0
50240000,75000,100,D,@,0
50250000,75000,100,D,@,0
50254000,75000,100,K,@,0
50260000,75000,100,D,@,0
50270000,75000,100,D,@,0
50270000,75000,100,D,@,0
50275000,75000,100,B,@,0
50280000,75000,100,D,@,0
50290000,75000,100,D,@,0
50290000,75000,100,D,@,0
50300000,75000,100,D,@,0
50310000,75000,100,D,@,0
50310000,75000,100,D,@,0
50320000,75000,100,D,@,0
50325000,75000,100,J,@,0
50330000,75000,100,D,@,0
50340000,75000,100,D,@,0
50340000,75000,100,D,@,0
50350000,75000,100,D,@,0
50360000,75000,100,D,@,0
50360000,75000,100,D,@,0
50360000,74900,100,N,F,0
50388000,75000,100,J,@,0
50388000,75000,100,J,@,0
50388000,74900,300,J,@,0
50426000,74900,100,D,@,0
50453000,75000,100,J,@,0
50489000,74900,200,B,@,0
50550000,74900,100,B,@,0
50550000,74900,100,B,@,0
50550000,75000,100,J,@,0
50552000,75000,100,K,@,0
50595000,75000,100,J,@,0
50643000,75000,100,J,F,0
50750000,75000,100,J,@,0
50793000,75000,100,J,@,0
50853000,75000,100,J,@,0
50887000,75000,113,D,@,0
50887000,75000,100,D,@,0
50887000,75000,7387,D,@,0
50905000,75000,100,D,@,0
50913000,75000,100,D,@,0
50919000,74900,100,N,F,0
50942000,74900,200,N,F,0
51046000,75000,100,J,@,0
51073000,75000,100,D,@,0
51085000,75000,100,D,@,0
51106000,74900,100,B,@,0
51106000,74900,100,B,@,0
51180000,74900,100,B,@,0
51180000,74900,100,B,@,0
51180000,74900,100,B,@,0
51181000,74900,100,B,@,0
51183000,74900,100,B,@,0
51183000,74900,100,J,@,0
51183000,74900,100,B,@,0
51184000,74900,100,B,@,0
51184000,74900,100,B,@,0
51184000,74900,204,J,F,0
51187000,74900,100,B,@,0
51189000,74900,100,B,@,0
51191000,74900,100,B,@,0
51235000,74900,100,B,@,0
51235000,74900,110,J,F,0
51237000,74900,100,B,@,0
51240000,74900,100,B,@,0
51240000,74900,100,B,@,0
51240000,74900,100,B,@,0
51241000,74900,100,B,@,0
51243000,74900,100,B,@,0
51245000,74900,100,B,@,0
51293000,74900,100,B,@,0
51300000,74900,100,B,@,0
51336000,74900,100,J,@,0
51336000,74900,300,B,@,0
51346000,74900,100,J,@,0
51350000,75000,1213,D,@,0
51350000,75000,100,D,@,0
51350000,75000,100,D,@,0
51350000,75000,100,D,@,0
51350000,75000,100,D,@,0
51350000,75000,100,D,@,0
51350000,75000,100,D,@,0
51350000,75000,100,D,@,0
51350000,75000,100,D,@,0
51350000,75000,100,D,@,0
51350000,75000,100,D,@,0
51350000,75000,100,D,@,0
51350000,75000,100,D,@,0
51350000,75000,100,D,@,0
51350000,75000,100,D,@,0
51350000,75000,100,D,@,0
51350000,75000,200,D,@,0
51350000,75000,100,D,@,0
51372000,74900,1000,B,@,0
51372000,74900,400,B,@,0
51372000,74900,100,B,@,0
51372000,74900,200,B,@,0
51386000,75000,100,D,@,0
51394000,74900,100,D,@,0
51462000,75000,100,J,@,0
51517000,75000,100,D,@,0
51517000,75000,100,D,@,0
51517000,75000,100,D,@,0
51517000,75000,100,D,@,0
51517000,75000,100,D,@,0
51517000,75000,100,D,@,0
51517000,75000,100,D,@,0
51517000,75000,100,D,@,0
51517000,75000,100,D,@,0
51517000,75000,100,D,@,0
51517000,75000,100,D,@,0
51517000,75000,100,D,@,0
51517000,75000,100,D,@,0
51517000,75000,100,D,@,0
51517000,75000,100,D,@,0
51517000,75000,100,D,@,0
51517000,75000,100,D,@,0
51517000,75000,100,D,@,0
51517000,75000,100,D,@,0
51517000,75000,100,D,@,0
51517000,75000,100,D,@,0
51517000,75000,100,D,@,0
51517000,75000,100,D,@,0
51517000,75000,100,D,@,0
51517000,75000,100,D,@,0
51517000,75000,100,D,@,0
51517000,75000,100,D,@,0
51517000,75000,100,D,@,0
51517000,75000,100,D,@,0
51526000,75000,100,J,@,0
51569000,74900,200,B,@,0
51569000,74900,100,B,@,0
51584000,74900,100,B,@,0
51584000,74900,100,B,@,0
51584000,74900,100,B,@,0
51596000,74900,100,B,@,0
51608000,74900,100,B,@,0
51672000,75000,100,D,@,0
51672000,75000,100,D,@,0
51672000,75000,100,D,@,0
51672000,75000,100,D,@,0
51672000,75000,100,D,@,0
51672000,75000,100,D,@,0
51672000,75000,2106,D,@,0
51672000,75000,100,B,@,0
51703000,74900,100,J,@,0
51704000,74900,100,J,@,0
51711000,74900,100,N,F,0
51746000,74900,200,N,F,0
51819000,75000,2800,D,@,0
51869000,75000,5200,D,@,0
51877000,74900,100,B,@,0
51936000,74900,203,J,F,0
51951000,74900,100,B,@,0
51966000,74900,100,B,@,0
52201000,75000,100,D,@,0
52227000,75000,2700,D,@,0
52251000,75000,160,D,@,0
52252000,75000,100,B,@,0
52254000,75000,4600,D,@,0
52293000,75000,900,D,@,0
52310000,75000,300,D,@,0
52320000,75000,200,D,@,0
52324000,75000,4320,D,@,0
52330000,75000,500,D,@,0
52340000,75000,200,D,@,0
52344000,74900,100,B,@,0
52350000,75000,200,D,@,0
52360000,75000,200,D,@,0
52374000,75000,100,D,@,0
52374000,75000,100,D,@,0
52380000,75000,100,D,@,0
52384000,75000,100,D,@,0
52390000,75000,200,D,@,0
52393000,74900,200,T,F,0
52393000,74900,252,D,@,0
52435000,74900,200,B,@,0
52444000,74900,100,N,F,0
52444000,75000,100,D,@,0
52476000,74900,200,N,F,0
52661000,74900,100,J,@,0
52697000,75000,2400,D,@,0
52703000,75000,100,D,@,0
52726000,75000,300,D,@,0
52726000,74900,1700,D,@,0
52728000,75000,100,D,@,0
52759000,75000,700,D,@,0
52759000,75000,1974,D,@,0
52759000,75000,100,D,@,0
52759000,75000,700,D,@,0
52759000,75000,626,D,@,0
52759000,75000,500,D,@,0
52759000,75000,200,D,@,0
52759000,75000,100,D,@,0
52770000,74900,100,B,@,0
52800000,74900,100,B,@,0
52800000,74900,100,B,@,0
52810000,74900,100,B,@,0
52843000,74900,281,J,F,0
52899000,74900,100,B,@,0
52899000,74900,100,B,@,0
52901000,74900,100,J,@,0
52926000,74900,100,B,@,0
52968000,75000,100,D,@,0
53009000,75000,5500,D,@,0
53011000,74900,100,J,@,0
53019000,75000,100,D,@,0
53024000,74900,100,B,@,0
53029000,75000,1100,D,@,0
53058000,74900,200,B,@,0
53058000,74900,100,B,@,0
53068000,74900,100,J,@,0
53068000,74900,500,J,@,0
53068000,74900,300,J,@,0
53068000,74900,500,J,@,0
53068000,74900,100,J,@,0
53090000,75000,600,D,@,0
53121000,74900,100,J,@,0
53135000,74900,100,B,@,0
53143000,74900,100,J,F,0
53143000,74900,194,J,F,0
53156000,75000,200,D,@,0
53183000,75000,4300,D,@,0
53212000,74900,100,J,@,0
53212000,75000,900,D,@,0
53220000,75000,1000,D,@,0
53233000,75000,400,D,@,0
53236000,74900,100,B,@,0
53251000,74900,100,J,@,0
53254000,75000,100,D,@,0
53264000,74900,100,N,F,0
53294000,74900,300,N,F,0
53308000,75000,2200,D,@,0
53309000,75000,520,D,@,0
53309000,75000,938,D,@,0
53309000,75000,200,W,F,0
53342000,74900,100,B,@,0
53371000,75000,100,J,@,0
53371000,75000,100,D,@,0
53372000,74900,100,B,@,0
53372000,74900,100,B,@,0
53404000,75000,100,D,@,0
53429000,75000,100,J,@,0
53442000,74900,100,B,@,0
53443000,74900,100,B,@,0
53445000,74900,100,B,@,0
53445000,74900,100,B,@,0
53445000,74900,100,B,@,0
53445000,74900,100,B,@,0
53446000,74900,100,B,@,0
53449000,75000,2100,D,@,0
53450000,74900,100,B,@,0
53452000,74900,100,B,@,0
53455000,74900,100,B,@,0
53456000,74900,100,B,@,0
53459000,74900,100,B,@,0
53461000,74900,100,B,@,0
53461000,74900,100,B,@,0
53461000,75000,295,J,F,0
53489000,75000,100,J,@,0
53497000,74900,100,B,@,0
53499000,74900,100,B,@,0
53499000,74900,100,B,@,0
53514000,74900,100,B,@,0
53525000,74900,100,B,@,0
53525000,74900,100,B,@,0
53527000,75000,2100,D,@,0
53559000,75000,4000,D,@,0
53566000,75000,100,J,@,0
53609000,75000,100,J,@,0
53685000,74900,262,J,F,0
53685000,74900,100,J,@,0
53699000,74900,100,B,@,0
53704000,75000,100,D,@,0
53724000,75000,4200,D,@,0
53736000,74900,100,B,@,0
53742000,74900,100,B,@,0
53742000,74900,100,B,@,0
53742000,74900,100,J,@,0
53761000,74900,200,D,@,0
53761000,74900,400,D,@,0
53761000,74900,400,D,@,0
53816000,74900,100,J,@,0
53827000,74900,200,B,@,0
53827000,74900,200,B,@,0
53888000,74900,100,B,@,0
53888000,74900,100,B,@,0
53888000,74900,100,B,@,0
53896000,74900,500,P,F,0
53896000,74900,500,P,F,0
53896000,74900,2700,P,F,0
53896000,74900,100,P,@,0
53896000,74900,100,P,@,0
53896000,74900,2769,P,@,0
53896000,75000,100,Z,@,0
53896000,75000,100,T,@,0
53896000,75000,100,K,@,0
53896000,75000,100,J,@,0
53896000,75000,100,D,@,0
53896000,75000,100,D,@,0
53896000,75000,100,D,@,0
53896000,75000,100,D,@,0
53896000,75000,100,D,@,0
53896000,75000,700,D,@,0
53896000,75000,100,D,@,0
53896000,75000,200,D,@,0
53896000,75000,100,D,@,0
53896000,75000,100,D,@,0
53896000,75000,100,D,@,0
53896000,75000,100,D,@,0
53896000,75000,200,D,@,0
53896000,75000,100,D,@,0
53896000,75000,100,D,@,0
53896000,75000,100,D,@,0
53896000,75000,100,D,@,0
53978000,75000,100,Z,@,0
53978000,75000,100,T,@,0
53978000,75000,100,K,@,0
53978000,75000,100,J,@,0
53978000,75000,100,D,@,0
53978000,75000,100,D,@,0
53978000,75000,600,D,@,0
53978000,75000,200,D,@,0
53978000,75000,100,D,@,0
53978000,75000,200,D,@,0
53978000,75000,100,D,@,0
53978000,75000,100,D,@,0
53978000,75000,100,D,@,0
53978000,75000,200,D,@,0
53978000,75000,100,D,@,0
53981000,74900,1400,N,@,0
53981000,75000,300,D,@,0
53982000,74900,100,N,@,0
53987000,75000,100,D,@,0
54009000,75000,3500,D,@,0
54010000,75000,100,D,@,0
54082000,74900,100,J,@,0
54098000,74900,200,N,F,0
54110000,74900,400,B,@,0
54121000,74900,100,J,@,0
54121000,74900,100,B,@,0
54121000,74900,100,B,@,0
54158000,74900,100,J,@,0
54172000,75000,100,D,@,0
54172000,75000,1507,D,@,0
54172000,75000,100,D,@,0
54209000,75000,3700,D,@,0
54246000,75000,1200,D,@,0
54259000,75000,100,D,@,0
54265000,75000,600,D,@,0
54269000,74900,100,J,@,0
54278000,74900,200,D,@,0
54295000,75000,100,D,@,0
54365000,74900,300,J,F,0
54365000,74900,140,J,F,0
54368000,74900,100,B,@,0
54368000,74900,102,B,@,0
54368000,74900,100,B,@,0
54371000,74900,100,B,@,0
54371000,74900,100,B,@,0
54389000,74900,200,N,@,0
54398000,75000,100,D,@,0
54404000,74900,100,J,@,0
54404000,74900,100,N,@,0
54404000,74900,100,J,@,0
54413000,75000,100,Z,@,0
54413000,75000,1265,D,@,0
54413000,75000,100,D,@,0
54413000,75000,100,D,@,0
54413000,75000,100,D,@,0
54444000,75000,3400,D,@,0
54464000,74900,100,B,@,0
54530000,75000,100,D,@,0
54539000,74900,100,J,@,0
54540000,75000,100,D,@,0
54559000,75000,3600,D,@,0
54566000,74900,200,N,F,0
54566000,75000,100,D,@,0
54671000,75000,200,D,@,0
54671000,75000,500,D,@,0
54671000,75000,200,D,@,0
54671000,75000,100,D,@,0
54671000,75000,3000,D,@,0
54671000,75000,300,D,@,0
54671000,75000,100,D,@,0
54671000,75000,500,D,@,0
54671000,75000,3500,D,@,0
54704000,75000,1300,D,@,0
54719000,74900,200,J,@,0
54721000,75000,600,D,@,0
54731000,75000,300,D,@,0
54741000,75000,400,D,@,0
54751000,75000,300,D,@,0
54761000,75000,300,D,@,0
54767000,75000,100,D,@,0
54771000,75000,200,D,@,0
54781000,75000,400,D,@,0
54791000,75000,300,D,@,0
54792000,74900,100,J,@,0
54797000,75000,100,D,@,0
54801000,75000,300,D,@,0
54811000,75000,300,D,@,0
54821000,75000,400,D,@,0
54831000,75000,300,D,@,0
54841000,75000,300,D,@,0
54844000,75000,200,D,@,0
54851000,75000,400,D,@,0
54861000,75000,300,D,@,0
54870000,74900,100,J,@,0
54871000,75000,300,D,@,0
54872000,74900,100,J,@,0
54900000,74900,100,B,@,0
54900000,74900,100,B,@,0
54902000,74900,100,B,@,0
54932000,74900,100,J,@,0
54962000,75000,700,D,@,0
54962000,75000,1300,D,@,0
54962000,75000,100,D,@,0
54962000,75000,100,D,@,0
54962000,75000,200,D,@,0
54962000,75000,2500,D,@,0
54972000,75000,1400,D,@,0
54992000,74900,100,J,@,0
54995000,74900,200,N,F,0
54997000,74900,100,D,@,0
54997000,74900,900,D,@,0
54997000,74900,200,D,@,0
55010000,75000,1400,D,@,0
55011000,74900,100,B,@,0
55026000,74900,100,B,@,0
55037000,75000,100,D,@,0
55050000,75000,1400,D,@,0
55052000,74900,100,J,@,0
55053000,74900,100,J,@,0
55089000,75000,1400,D,@,0
55093000,75000,100,D,@,0
55130000,75000,1400,D,@,0
55154000,75000,2800,D,@,0
55164000,74900,100,N,@,0
55166000,74900,200,N,@,0
55241000,74900,100,J,@,0
55243000,75000,1200,D,@,0
55270000,75000,428,D,@,0
55270000,75000,100,D,@,0
55270000,75000,100,D,@,0
55270000,75000,100,D,@,0
55270000,75000,100,D,@,0
55270000,75000,100,D,@,0
55270000,75000,100,D,@,0
55270000,75000,300,D,@,0
55270000,75000,100,D,@,0
55270000,75000,100,D,@,0
55270000,75000,100,D,@,0
55270000,75000,100,D,@,0
55270000,75000,100,D,@,0
55270000,75000,100,D,@,0
55270000,75000,100,D,@,0
55270000,75000,100,D,@,0
55270000,75000,100,D,@,0
55270000,75000,100,D,@,0
55270000,75000,100,D,@,0
55270000,75000,100,D,@,0
55270000,75000,100,D,@,0
55270000,75000,100,D,@,0
55270000,75000,100,D,@,0
55279000,75000,100,B,@,0
55281000,75000,100,D,@,0
55292000,75000,100,D,@,0
55301000,74900,100,J,@,0
55301000,74900,100,J,@,0
55301000,75000,100,D,@,0
55301000,75000,100,D,@,0
55301000,75000,100,D,@,0
55301000,75000,100,D,@,0
55301000,75000,100,D,@,0
55301000,75000,100,D,@,0
55301000,75000,100,D,@,0
55301000,75000,100,D,@,0
55301000,75000,100,D,@,0
55301000,75000,100,D,@,0
55301000,75000,100,D,@,0
55301000,75000,100,D,@,0
55318000,75000,700,D,@,0
55330000,75000,400,D,@,0
55340000,75000,400,D,@,0
55343000,74900,100,N,@,0
55343000,75000,100,D,@,0
55358000,75000,600,D,@,0
55361000,74900,100,J,@,0
55382000,74900,100,N,@,0
55421000,74900,100,J,@,0
55422000,74900,100,J,@,0
55431000,74900,200,N,F,0
55436000,75000,1200,D,@,0
55443000,75000,200,D,@,0
55464000,75000,2800,D,@,0
55481000,74900,100,J,@,0
55487000,74900,200,D,@,0
55541000,74900,100,J,@,0
55546000,75000,1200,D,@,0
55561000,75000,100,D,@,0
55572000,75000,2700,D,@,0
55601000,74900,100,J,@,0
55601000,75000,1200,D,@,0
55601000,74900,100,J,@,0
55607000,74900,100,B,@,0
55607000,74900,100,B,@,0
55611000,74900,100,B,@,0
55614000,74900,100,B,@,0
55614000,74900,100,B,@,0
55614000,74900,100,B,@,0
55619000,75000,100,Y,@,0
55625000,74900,100,B,@,0
55632000,74900,100,B,@,0
55634000,74900,100,B,@,0
55635000,74900,300,N,@,0
55637000,74900,100,B,@,0
55661000,74900,100,J,@,0
55668000,75000,1100,D,@,0
55682000,75000,100,D,@,0
55693000,75000,2500,D,@,0
55721000,74900,100,J,@,0
55721000,74900,100,J,@,0
55721000,75000,1200,D,@,0
55731000,75000,100,D,@,0
55733000,74900,200,N,F,0
55733000,75000,100,D,@,0
55738000,75000,700,D,@,0
55749000,75000,500,D,@,0
55750000,74900,10000,N,@,0
55750000,75000,100,D,@,0
55750000,75000,100,D,@,0
55750000,75000,100,D,@,0
55750000,75000,200,D,@,0
55750000,75000,100,D,@,0
55750000,75000,100,D,@,0
55750000,75000,200,D,@,0
55750000,75000,100,D,@,0
55750000,75000,100,D,@,0
55750000,75000,100,D,@,0
55751000,75000,100,D,@,0
55751000,75000,100,D,@,0
55759000,75000,800,D,@,0
55764000,74900,200,N,@,0
55764000,75000,100,D,@,0
55765000,75000,100,D,@,0
55768000,74900,200,N,F,0
55768000,75000,100,D,@,0
55779000,75000,100,D,@,0
55779000,75000,100,D,@,0
55779000,75000,100,D,@,0
55792000,75000,100,D,@,0
55799000,74900,300,N,F,0
55799000,75000,100,D,@,0
55800000,75000,100,D,@,0
55802000,75000,100,D,@,0
55805000,75000,100,Z,@,0
55805000,75000,200,Z,@,0
55805000,75000,1000,D,@,0
55820000,74900,100,B,@,0
55820000,74900,200,N,@,0
55820000,75000,100,Y,@,0
55821000,75000,700,D,@,0
55821000,75000,100,J,@,0
55823000,74900,300,N,F,0
55824000,75000,100,D,@,0
55826000,74900,100,N,@,0
55826000,75000,100,Y,@,0
55842000,75000,100,D,@,0
55844000,75000,100,Z,@,0
55844000,75000,200,Z,@,0
55844000,75000,100,Z,@,0
55844000,75000,100,Z,@,0
55844000,75000,100,Z,@,0
55844000,75000,100,Z,@,0
55844000,75000,100,Z,@,0
55844000,74900,100,D,@,0
55844000,74900,125,D,@,0
55844000,75000,100,D,@,0
55844000,74900,100,D,@,0
55844000,74900,200,D,@,0
55844000,75000,200,Z,@,0
55845000,74900,100,D,@,0
55845000,75000,100,D,@,0
55852000,74900,200,N,F,0
55852000,75000,100,D,@,0
55854000,74900,700,B,F,0
55854000,75000,100,J,F,0
55854000,74900,464,J,F,0
55871000,74900,100,N,@,0
55873000,75000,100,Y,@,0
55880000,74900,200,N,F,0
55880000,75000,100,Y,@,0
55881000,75000,100,J,@,0
55887000,75000,100,J,@,0
55899000,75000,200,Z,@,0
55899000,75000,300,Z,@,0
55899000,75000,300,Z,@,0
55899000,75000,200,Z,@,0
55899000,75000,200,Z,@,0
55899000,75000,300,Z,@,0
55899000,75000,700,D,@,0
55906000,75000,500,D,@,0
55906000,75000,300,D,@,0
55906000,75000,400,W,F,0
55906000,75000,2138,D,@,0
55910000,75000,100,K,@,0
55946000,75000,200,K,@,0
55946000,75000,300,K,@,0
55946000,75000,1500,D,@,0
55954000,74900,100,J,@,0
55979000,74900,100,N,@,0
55979000,75000,100,D,@,0
56000000,75000,900,D,@,0
56001000,74900,100,J,@,0
56004000,74900,100,J,@,0
56022000,75000,1000,D,@,0
56030000,74900,100,N,@,0
56041000,74900,100,B,@,0
56041000,74900,100,B,@,0
56043000,74900,200,B,@,0
56043000,75000,100,Z,@,0
56043000,75000,100,Z,@,0
56043000,75000,100,Z,@,0
56043000,75000,100,Z,@,0
56043000,75000,100,Z,@,0
56043000,75000,400,D,@,0
56043000,75000,200,D,@,0
56049000,74900,100,B,@,0
56049000,74900,100,B,@,0
56049000,74900,100,B,@,0
56049000,74900,200,N,@,0
56049000,75000,100,Z,@,0
56049000,74900,100,N,@,0
56051000,74900,1000,D,@,0
56054000,74900,3900,N,@,0
56054000,75000,500,Z,@,0
56054000,75000,100,D,@,0
56054000,74900,300,D,@,0
56054000,74900,300,B,@,0
56054000,74900,100,B,@,0
56055000,74900,900,N,@,0
56055000,75000,100,D,@,0
56055000,74900,100,D,@,0
56061000,74900,100,J,@,0
56062000,75000,900,D,@,0
56073000,75000,200,Z,@,0
56073000,75000,200,Z,@,0
56073000,75000,200,Z,@,0
56073000,75000,200,Z,@,0
56073000,75000,100,Z,@,0
56073000,75000,100,Z,@,0
56073000,75000,100,Z,@,0
56073000,75000,200,Z,@,0
56073000,75000,200,Z,@,0
56073000,75000,200,Z,@,0
56075000,74900,500,P,@,0
56086000,75000,600,P,@,0
56086000,75000,400,P,@,0
56086000,75000,200,P,@,0
56118000,75000,200,Z,@,0
56118000,75000,100,Z,@,0
56118000,75000,300,Z,@,0
56118000,75000,200,Z,@,0
56118000,75000,200,Z,@,0
56118000,75000,200,Z,@,0
56118000,75000,100,Z,@,0
56118000,75000,200,Z,@,0
56118000,75000,300,Z,@,0
56118000,75000,200,D,@,0
56122000,74900,100,N,F,0
56122000,75000,100,D,@,0
56123000,74900,100,J,@,0
56123000,74900,100,J,@,0
56128000,74900,100,B,@,0
56130000,74900,200,B,@,0
56130000,74900,100,B,@,0
56136000,75000,100,D,@,0
56150000,74900,200,N,F,0
56153000,75000,500,D,@,0
56153000,75000,100,D,@,0
56153000,75000,100,D,@,0
56153000,75000,300,D,@,0
56153000,75000,3900,D,@,0
56153000,75000,200,Z,@,0
56153000,75000,200,Z,@,0
56153000,75000,100,Z,@,0
56153000,75000,100,Z,@,0
56153000,75000,200,Z,@,0
56153000,75000,200,Z,@,0
56153000,75000,200,Z,@,0
56153000,75000,100,Z,@,0
56153000,75000,200,Z,@,0
56153000,75000,100,Z,@,0
56190000,75000,200,Z,@,0
56190000,75000,200,Z,@,0
56190000,75000,200,Z,@,0
56190000,75000,200,Z,@,0
56190000,75000,200,Z,@,0
56190000,75000,200,Z,@,0
56190000,75000,200,Z,@,0
56190000,75000,200,Z,@,0
56190000,75000,100,Z,@,0
56196000,75000,400,D,@,0
56214000,75000,100,Z,@,0
56214000,75000,100,Z,@,0
56214000,75000,100,Z,@,0
56214000,75000,100,Z,@,0
56214000,75000,200,Z,@,0
56214000,75000,100,Z,@,0
56214000,75000,100,Z,@,0
56214000,75000,100,Z,@,0
56214000,75000,200,Z,@,0
56216000,75000,100,J,@,0
56241000,75000,100,J,@,0
56243000,75000,100,Z,@,0
56243000,75000,100,J,@,0
56243000,75000,400,Z,@,0
56243000,75000,100,Z,@,0
56243000,75000,100,Z,@,0
56243000,75000,100,Z,@,0
56243000,75000,200,Z,@,0
56243000,75000,100,Z,@,0
56243000,75000,100,Z,@,0
56249000,75000,100,D,@,0
56253000,75000,200,D,@,0
56264000,75000,100,Z,@,0
56264000,75000,100,Z,@,0
56264000,75000,100,Z,@,0
56264000,75000,100,Z,@,0
56264000,75000,100,Z,@,0
56264000,75000,100,Z,@,0
56264000,75000,100,Z,@,0
56264000,75000,100,Z,@,0
56264000,75000,100,Z,@,0
56266000,75000,100,D,@,0
56277000,75000,100,Z,@,0
56277000,75000,100,Z,@,0
56277000,75000,100,Z,@,0
56277000,75000,100,Z,@,0
56277000,75000,100,Z,@,0
56277000,75000,100,Z,@,0
56285000,75000,2100,D,@,0
56285000,75000,800,D,@,0
56285000,75000,927,D,@,0
56290000,75000,100,Z,@,0
56290000,75000,100,Z,@,0
56290000,75000,100,Z,@,0
56290000,75000,100,Z,@,0
56290000,75000,100,Z,@,0
56290000,75000,100,Z,@,0
56290000,75000,100,Z,@,0
56291000,75000,279,D,@,0
56300000,75000,100,Z,@,0
56300000,75000,100,Z,@,0
56300000,75000,100,Z,@,0
56300000,75000,100,Z,@,0
56300000,75000,100,Z,@,0
56301000,75000,100,J,@,0
56301000,75000,100,J,@,0
56318000,75000,100,Z,@,0
56318000,75000,100,Z,@,0
56318000,75000,100,Z,@,0
56318000,75000,489,D,@,0
56319000,75000,300,D,@,0
56331000,75000,600,D,@,0
56341000,75000,400,D,@,0
56351000,75000,500,D,@,0
56361000,75000,100,J,@,0
56361000,75000,500,D,@,0
56371000,75000,400,D,@,0
56378000,75000,100,D,@,0
56378000,75000,600,D,@,0
56380000,75000,200,D,@,0
56381000,75000,500,D,@,0
56382000,75000,4200,D,@,0
56385000,74900,100,N,F,0
56391000,75000,600,D,@,0
56401000,75000,500,D,@,0
56408000,74900,100,B,@,0
56411000,75000,400,D,@,0
56421000,75000,100,Z,@,0
56421000,75000,100,Z,@,0
56421000,75000,100,Z,@,0
56421000,75000,200,D,@,0
56431000,75000,500,D,@,0
56437000,75000,100,J,@,0
56437000,74900,100,J,@,0
56441000,75000,400,D,@,0
56441000,75000,400,D,@,0
56448000,75000,100,Y,@,0
56451000,75000,500,D,@,0
56461000,75000,500,D,@,0
56468000,74900,100,N,F,0
56468000,75000,100,D,@,0
56471000,75000,500,D,@,0
56477000,75000,100,D,@,0
56481000,75000,400,D,@,0
56483000,75000,100,D,@,0
56491000,75000,400,D,@,0
56494000,75000,100,D,@,0
56494000,74900,200,B,@,0
56497000,75000,100,J,@,0
56497000,74900,100,J,@,0
56499000,74900,100,J,@,0
56501000,75000,500,D,@,0
56502000,75000,200,D,@,0
56511000,75000,500,D,@,0
56513000,75000,100,Z,@,0
56521000,75000,400,D,@,0
56531000,75000,500,D,@,0
56541000,75000,500,D,@,0
56551000,75000,500,D,@,0
56553000,74900,100,B,@,0
56563000,75000,600,D,@,0
56563000,75000,200,D,@,0
56564000,74900,100,N,F,0
56564000,75000,100,Z,@,0
56577000,75000,700,D,@,0
56580000,75000,700,D,@,0
56581000,75000,300,D,@,0
56581000,75000,1300,D,@,0
56581000,75000,2600,D,@,0
56587000,75000,100,D,@,0
56587000,75000,100,Z,@,0
56587000,75000,500,D,@,0
56597000,75000,400,D,@,0
56607000,75000,500,D,@,0
56616000,75000,100,Y,@,0
56617000,75000,100,J,@,0
56617000,74900,300,J,@,0
56617000,75000,100,J,@,0
56617000,75000,311,D,@,0
56617000,75000,100,D,@,0
56624000,75000,100,Z,@,0
56624000,75000,500,D,@,0
56627000,75000,100,D,@,0
56627000,75000,100,D,@,0
56627000,75000,200,D,@,0
56637000,75000,100,D,@,0
56637000,75000,200,D,@,0
56637000,75000,100,D,@,0
56643000,74900,100,N,F,0
56647000,75000,100,D,@,0
56647000,75000,100,D,@,0
56647000,75000,100,D,@,0
56647000,75000,100,D,@,0
56657000,75000,100,D,@,0
56657000,75000,100,D,@,0
56657000,75000,100,D,@,0
56657000,75000,100,D,@,0
56665000,74900,100,D,@,0
56667000,75000,100,D,@,0
56667000,75000,200,D,@,0
56667000,75000,100,D,@,0
56677000,75000,100,D,@,0
56677000,75000,100,D,@,0
56677000,75000,100,D,@,0
56677000,75000,100,D,@,0
56677000,75000,100,D,@,0
56685000,75000,100,D,@,0
56687000,75000,500,D,@,0
56697000,75000,500,D,@,0
56707000,75000,500,D,@,0
56712000,74900,100,B,@,0
56715000,75000,100,T,F,0
56717000,75000,500,D,@,0
56717000,74900,100,N,F,0
56721000,75000,100,D,@,0
56723000,75000,100,J,@,0
56723000,75000,100,J,@,0
56727000,75000,500,D,@,0
56732000,75000,200,D,@,0
56732000,75000,200,D,@,0
56737000,75000,500,D,@,0
56739000,74900,100,B,@,0
56741000,75000,300,D,@,0
56745000,75000,200,D,@,0
56747000,75000,500,D,@,0
56748000,75000,200,J,@,0
56754000,75000,100,D,@,0
56757000,75000,500,D,@,0
56760000,75000,100,D,@,0
56763000,75000,100,D,@,0
56767000,75000,100,Z,@,0
56767000,75000,100,Z,@,0
56767000,75000,100,Z,@,0
56767000,75000,200,D,@,0
56777000,75000,500,D,@,0
56784000,74900,100,B,@,0
56784000,75000,100,J,@,0
56787000,75000,600,D,@,0
56790000,75000,200,D,@,0
56794000,75000,100,D,@,0
56795000,75000,100,D,@,0
56797000,75000,200,J,@,0
56797000,75000,500,D,@,0
56807000,75000,500,D,@,0
56814000,75000,100,D,@,0
56817000,75000,100,Z,@,0
56817000,75000,400,D,@,0
56821000,75000,100,D,@,0
56823000,74900,100,N,F,0
56825000,75000,200,D,@,0
56827000,75000,200,N,@,0
56827000,75000,500,D,@,0
56833000,75000,1500,D,@,0
56834000,75000,700,D,@,0
56835000,75000,4200,D,@,0
56837000,75000,700,D,@,0
56843000,75000,200,D,@,0
56847000,75000,500,D,@,0
56849000,75000,100,D,@,0
56857000,75000,500,D,@,0
56867000,75000,500,D,@,0
56877000,75000,500,D,@,0
56880000,75000,200,D,@,0
56881000,75000,900,D,@,0
56887000,75000,600,D,@,0
56896000,74900,100,N,F,0
56896000,75000,300,J,@,0
56897000,75000,500,D,@,0
56907000,75000,500,D,@,0
56914000,75000,700,D,@,0
56914000,75000,700,D,@,0
56914000,75000,300,D,@,0
56914000,75000,2400,D,@,0
56914000,75000,800,D,@,0
56917000,75000,600,D,@,0
56922000,75000,200,N,@,0
56927000,75000,500,D,@,0
56928000,75000,200,J,@,0
56928000,75000,100,J,@,0
56937000,75000,600,D,@,0
56947000,75000,500,D,@,0
56957000,75000,500,D,@,0
56962000,75000,100,B,@,0
56967000,75000,500,D,@,0
56977000,75000,100,J,@,0
56977000,75000,600,D,@,0
56987000,75000,500,D,@,0
56997000,75000,500,D,@,0
57007000,75000,600,D,@,0
57009000,74900,100,N,F,0
57017000,75000,200,N,@,0
57017000,75000,500,D,@,0
57027000,75000,500,D,@,0
57037000,75000,600,D,@,0
57047000,75000,500,D,@,0
57052000,75000,100,J,@,0
57057000,75000,600,D,@,0
57062000,75000,100,D,@,0
57067000,75000,211,D,@,0
57067000,75000,189,D,@,0
57077000,75000,500,D,@,0
57087000,75000,600,D,@,0
57096000,74900,100,N,F,0
57097000,75000,500,D,@,0
57107000,75000,600,D,@,0
57112000,75000,200,N,@,0
57117000,75000,500,D,@,0
57119000,75000,600,J,@,0
57127000,75000,600,D,@,0
57137000,75000,500,D,@,0
57147000,74900,100,D,@,0
57147000,75000,600,D,@,0
57157000,75000,500,D,@,0
57167000,75000,600,D,@,0
57169000,74900,2000,D,@,0
57174000,74900,37200,N,@,0
57174000,75000,800,P,@,0
57174000,75000,100,T,@,0
57174000,75000,1200,P,@,0
57174000,74900,1731,P,F,0
57174000,74900,100,P,F,0
57174000,74900,1000,P,F,0
57174000,74900,100,P,F,0
57174000,74900,7969,P,F,0
57174000,74900,1000,N,@,0
57174000,75000,900,J,@,0
57174000,75000,100,T,@,0
57174000,75000,100,J,@,0
57174000,75000,1000,Z,@,0
57174000,75000,342,J,@,0
57174000,75000,100,J,@,0
57174000,75000,300,P,@,0
57174000,75000,100,D,@,0
57174000,75000,200,D,@,0
57174000,75000,100,D,@,0
57174000,75000,100,D,@,0
57174000,75000,100,D,@,0
57174000,75000,100,D,@,0
57174000,75000,100,D,@,0
57174000,75000,100,D,@,0
57174000,75000,200,D,@,0
57174000,75000,100,D,@,0
57174000,75000,100,D,@,0
57174000,75000,100,D,@,0
57174000,75000,100,D,@,0
57174000,75000,100,D,@,0
57174000,75000,100,D,@,0
57174000,75000,100,D,@,0
57174000,75000,700,D,@,0
57174000,75000,100,D,@,0
57174000,75000,100,D,@,0
57174000,75000,100,D,@,0
57174000,75000,100,D,@,0
57174000,74900,2700,D,@,0
57177000,75000,100,D,@,0
57177000,75000,100,D,@,0
57177000,75000,100,Z,@,0
57178000,75000,100,T,F,0
57187000,74900,200,B,@,0
57187000,74900,500,B,@,0
57187000,74900,100,B,@,0
57187000,74900,100,B,@,0
57187000,74900,100,B,@,0
57187000,74900,100,N,F,0
57187000,75000,100,Z,@,0
57187000,75000,100,Z,@,0
57187000,75000,100,K,@,0
57187000,75000,100,Z,@,0
57187000,75000,100,Z,@,0
57196000,74900,889,J,@,0
57196000,74900,211,J,@,0
57197000,75000,100,Z,@,0
57197000,75000,100,Z,@,0
57197000,75000,100,Z,@,0
57197000,75000,100,Z,@,0
57197000,75000,100,Z,@,0
57197000,75000,100,Z,@,0
57204000,74900,100,D,@,0
57204000,74900,100,D,@,0
57204000,75000,100,D,@,0
57204000,74900,100,D,@,0
57204000,74900,100,D,@,0
57206000,75000,100,D,@,0
57207000,75000,200,N,@,0
57207000,75000,100,Z,@,0
57207000,75000,100,Z,@,0
57207000,75000,100,Z,@,0
57207000,75000,100,Z,@,0
57207000,75000,100,Z,@,0
57217000,75000,100,Z,@,0
57217000,75000,100,Z,@,0
57217000,75000,100,Z,@,0
57217000,75000,100,Z,@,0
57217000,75000,100,Z,@,0
57227000,75000,100,Z,@,0
57227000,75000,100,Z,@,0
57227000,75000,100,Z,@,0
57227000,75000,100,Z,@,0
57227000,75000,100,Z,@,0
57227000,75000,100,Z,@,0
57236000,75000,100,D,@,0
57236000,75000,100,D,@,0
57236000,75000,300,D,@,0
57236000,75000,200,D,@,0
57236000,75000,4200,D,@,0
57237000,75000,100,Z,@,0
57237000,75000,100,Z,@,0
57237000,75000,100,Z,@,0
57237000,75000,100,Z,@,0
57237000,75000,100,Z,@,0
57240000,75000,439,D,@,0
57240000,75000,100,D,@,0
57241000,75000,2461,D,@,0
57241000,75000,178,D,@,0
57247000,75000,100,Z,@,0
57247000,75000,100,Z,@,0
57247000,75000,100,Z,@,0
57247000,75000,100,Z,@,0
57247000,75000,100,Z,@,0
57247000,75000,100,Z,@,0
57255000,75000,1200,N,@,0
57255000,74900,200,N,F,0
57257000,75000,100,Z,@,0
57257000,75000,100,Z,@,0
57257000,75000,100,Z,@,0
57257000,75000,100,Z,@,0
57257000,75000,100,Z,@,0
57257000,75000,100,Z,@,0
57261000,75000,600,P,@,0
57265000,74900,289,J,@,0
57265000,74900,111,J,@,0
57267000,75000,100,Z,@,0
57267000,75000,100,K,@,0
57267000,75000,100,Z,@,0
57267000,75000,100,Z,@,0
57267000,75000,100,Z,@,0
57277000,75000,100,Z,@,0
57277000,75000,100,Z,@,0
57277000,75000,100,Z,@,0
57277000,75000,100,Z,@,0
57277000,75000,100,K,@,0
57277000,75000,100,Z,@,0
57284000,75000,100,Z,@,0
57284000,75000,100,Z,@,0
57284000,75000,100,Z,@,0
57284000,75000,100,Z,@,0
57294000,75000,100,K,@,0
57294000,75000,100,K,@,0
57294000,75000,100,K,@,0
57294000,75000,100,K,@,0
57294000,75000,100,D,@,0
57297000,74900,100,B,@,0
57297000,74900,200,J,F,0
57302000,75000,200,N,@,0
57302000,75000,100,K,@,0
57302000,75000,100,J,@,0
57302000,75000,100,Z,@,0
57302000,75000,200,D,@,0
57307000,74900,200,D,@,0
57307000,75000,100,D,@,0
57307000,74900,200,D,@,0
57307000,74900,200,D,@,0
57307000,74900,200,D,@,0
57307000,75000,100,D,@,0
57309000,74900,100,D,@,0
57312000,75000,100,Z,@,0
57312000,75000,100,Z,@,0
57312000,75000,100,Z,@,0
57312000,75000,100,Z,@,0
57316000,74900,196,J,@,0
57316000,74900,204,J,@,0
57322000,75000,100,Z,@,0
57322000,75000,100,K,@,0
57322000,75000,100,J,@,0
57322000,75000,100,Z,@,0
57322000,75000,100,Z,@,0
57324000,74900,200,N,F,0
57332000,75000,100,Z,@,0
57332000,75000,100,Z,@,0
57332000,75000,100,K,@,0
57332000,75000,100,Z,@,0
57332000,75000,100,Z,@,0
57332000,75000,100,Z,@,0
57342000,75000,100,Z,@,0
57342000,75000,100,Z,@,0
57342000,75000,100,Z,@,0
57342000,75000,100,Z,@,0
57342000,75000,100,Z,@,0
57342000,75000,100,Z,@,0
57352000,75000,100,Z,@,0
57352000,75000,100,Z,@,0
57352000,75000,100,Z,@,0
57352000,75000,100,Z,@,0
57352000,75000,100,Z,@,0
57360000,75000,100,Z,@,0
57360000,75000,100,Z,@,0
57360000,75000,100,Z,@,0
57360000,75000,100,Z,@,0
57360000,75000,100,Z,@,0
57366000,75000,100,Z,@,0
57368000,75000,100,Z,@,0
57368000,75000,100,Z,@,0
57368000,75000,200,D,@,0
57378000,75000,600,D,@,0
57383000,75000,300,D,@,0
57383000,74900,800,T,F,0
57393000,75000,500,D,@,0
57397000,75000,200,N,@,0
57398000,74900,200,N,F,0
57402000,75000,100,T,@,0
57402000,75000,100,Z,@,0
57402000,75000,100,K,@,0
57403000,75000,100,D,@,0
57403000,75000,100,D,@,0
57405000,75000,100,T,@,0
57406000,75000,100,Z,@,0
57406000,75000,100,D,@,0
57408000,75000,100,N,@,0
57416000,75000,100,Z,@,0
57416000,75000,100,Z,@,0
57416000,75000,100,Z,@,0
57416000,75000,100,Z,@,0
57416000,75000,100,Z,@,0
57416000,75000,100,Z,@,0
57420000,74900,100,B,@,0
57424000,75000,200,N,@,0
57426000,75000,100,Z,@,0
57426000,75000,100,Z,@,0
57426000,75000,100,Z,@,0
57426000,75000,100,Z,@,0
57426000,75000,100,Z,@,0
57436000,75000,100,Z,@,0
57436000,75000,100,Z,@,0
57436000,75000,100,Z,@,0
57436000,75000,100,Z,@,0
57436000,75000,100,Z,@,0
57436000,75000,100,Z,@,0
57438000,74900,100,B,@,0
57439000,75000,200,N,@,0
57445000,75000,100,Z,@,0
57445000,75000,100,Z,@,0
57445000,75000,100,Z,@,0
57445000,75000,100,Z,@,0
57445000,75000,100,Z,@,0
57445000,75000,100,Z,@,0
57450000,75000,100,Z,@,0
57450000,75000,100,Z,@,0
57452000,75000,800,D,@,0
57452000,75000,7426,D,@,0
57452000,75000,200,T,F,0
57453000,75000,200,D,@,0
57454000,74900,100,B,@,0
57454000,75000,100,N,@,0
57457000,75000,231,D,@,0
57457000,75000,1131,D,@,0
57460000,75000,100,Z,@,0
57460000,75000,100,Z,@,0
57460000,75000,100,Z,@,0
57460000,75000,100,Z,@,0
57460000,75000,100,Z,@,0
57460000,75000,100,Z,@,0
57465000,75000,100,Z,@,0
57465000,75000,100,Z,@,0
57465000,75000,100,Z,@,0
57472000,75000,200,N,@,0
57472000,75000,100,Z,@,0
57472000,75000,100,Z,@,0
57472000,75000,100,Z,@,0
57472000,75000,100,Z,@,0
57472000,75000,100,Z,@,0
57476000,75000,100,Z,@,0
57476000,75000,100,Z,@,0
57478000,74900,100,N,F,0
57480000,75000,151,B,@,0
57480000,75000,100,B,@,0
57480000,75000,100,B,@,0
57480000,75000,149,B,@,0
57483000,74900,200,D,@,0
57486000,75000,100,Z,@,0
57486000,75000,100,Z,@,0
57486000,75000,100,Z,@,0
57486000,75000,100,Z,@,0
57486000,75000,100,Z,@,0
57489000,75000,100,Z,@,0
57489000,75000,100,Z,@,0
57490000,75000,200,N,@,0
57491000,75000,100,N,@,0
57496000,75000,100,Z,@,0
57496000,75000,100,Z,@,0
57496000,75000,100,Z,@,0
57496000,75000,100,Z,@,0
57496000,74900,904,J,@,0
57499000,75000,100,Z,@,0
57499000,75000,100,T,@,0
57499000,75000,100,Z,@,0
57499000,75000,200,T,F,0
57501000,75000,100,Z,@,0
57504000,75000,100,Z,@,0
57504000,75000,100,Z,@,0
57504000,75000,100,Z,@,0
57504000,75000,100,Z,@,0
57506000,75000,200,N,@,0
57506000,74900,100,B,@,0
57508000,75000,100,Z,@,0
57508000,75000,100,Z,@,0
57508000,75000,100,Z,@,0
57509000,75000,200,N,@,0
57512000,75000,100,Z,@,0
57512000,75000,100,Z,@,0
57512000,75000,100,Z,@,0
57512000,75000,100,Z,@,0
57512000,75000,100,Z,@,0
57512000,75000,100,Z,@,0
57516000,74900,100,D,@,0
57517000,74900,200,B,@,0
57517000,75000,100,Z,@,0
57517000,75000,100,Z,@,0
57517000,75000,100,Z,@,0
57521000,75000,200,N,@,0
57521000,75000,100,Z,@,0
57521000,75000,100,Z,@,0
57521000,75000,200,N,@,0
57523000,75000,100,Z,@,0
57523000,75000,100,Z,@,0
57523000,75000,100,Z,@,0
57523000,75000,100,Z,@,0
57523000,75000,100,Z,@,0
57524000,75000,200,D,@,0
57524000,75000,400,D,@,0
57524000,75000,200,D,@,0
57524000,75000,200,Z,@,0
57527000,75000,100,Z,@,0
57527000,75000,100,Z,@,0
57528000,74900,3397,N,@,0
57528000,74900,900,N,@,0
57528000,75000,100,Z,@,0
57528000,75000,100,Z,@,0
57529000,75000,1200,D,@,0
57529000,75000,400,Z,@,0
57531000,75000,100,Z,@,0
57531000,75000,100,Z,@,0
57531000,75000,100,Z,@,0
57532000,75000,100,Z,@,0
57532000,75000,100,Z,@,0
57533000,75000,200,N,@,0
57535000,75000,100,Z,@,0
57536000,75000,280,D,@,0
57537000,75000,100,Z,@,0
57537000,75000,100,Z,@,0
57538000,75000,100,Z,@,0
57538000,75000,100,Z,@,0
57538000,75000,100,Z,@,0
57540000,75000,100,Z,@,0
57543000,75000,100,Z,@,0
57543000,75000,100,Z,@,0
57544000,75000,200,N,@,0
57545000,75000,100,Z,@,0
57545000,75000,100,N,@,0
57547000,75000,100,Z,@,0
57547000,75000,100,Z,@,0
57547000,75000,100,Z,@,0
57547000,75000,100,Z,@,0
57547000,75000,400,T,F,0
57549000,75000,100,Z,@,0
57549000,75000,100,Z,@,0
57552000,75000,100,Z,@,0
57552000,75000,100,Z,@,0
57552000,75000,100,Z,@,0
57555000,75000,100,Z,@,0
57555000,75000,100,Z,@,0
57556000,75000,200,N,@,0
57557000,75000,100,Z,@,0
57557000,75000,100,Z,@,0
57557000,75000,100,Z,@,0
57558000,75000,100,Z,@,0
57560000,75000,100,Z,@,0
57561000,74900,100,B,F,0
57561000,74900,100,B,F,0
57562000,75000,100,Z,@,0
57562000,75000,100,Z,@,0
57562000,75000,100,Z,@,0
57564000,75000,200,N,@,0
57564000,75000,100,Z,@,0
57564000,75000,100,Z,@,0
57565000,75000,300,D,@,0
57568000,75000,100,Z,@,0
57568000,75000,100,Z,@,0
57568000,75000,200,N,@,0
57568000,75000,100,Z,@,0
57568000,75000,100,Z,@,0
57569000,75000,664,J,@,0
57569000,75000,300,T,F,0
57570000,75000,100,Z,@,0
57570000,75000,300,N,@,0
57570000,75000,1950,N,@,0
57571000,75000,100,N,@,0
57571000,75000,100,Z,@,0
57572000,75000,100,D,@,0
57574000,75000,100,Z,@,0
57574000,75000,100,Z,@,0
57574000,75000,100,Z,@,0
57574000,75000,100,Z,@,0
57574000,75000,200,Y,@,0
57574000,75000,100,Y,@,0
57575000,75000,100,D,@,0
57578000,75000,100,D,@,0
57578000,74900,100,B,@,0
57579000,74900,152,N,@,0
57580000,75000,200,N,@,0
57580000,75000,400,J,@,0
57580000,75000,100,D,@,0
57583000,75000,100,D,@,0
57584000,75000,600,N,@,0
57585000,75000,600,J,@,0
57585000,75000,1100,J,@,0
57585000,75000,1100,J,@,0
57585000,75000,1600,J,@,0
57585000,75000,21400,J,@,0
57585000,75000,1950,N,@,0
57587000,75000,4000,J,@,0
57587000,75000,100,T,F,0
57587000,75000,400,T,F,0
57588000,75000,400,J,@,0
57588000,75000,100,D,@,0
57588000,75000,600,N,@,0
57588000,74900,100,B,@,0
57588000,74900,300,B,F,0
57588000,74900,500,B,F,0
57588000,74900,100,B,F,0
57589000,74900,100,B,@,0
57589000,75000,100,D,@,0
57590000,75000,100,D,@,0
57590000,75000,100,D,@,0
57590000,74900,800,N,F,0
57590000,75000,600,N,@,0
57591000,74900,100,B,@,0
57591000,75000,100,N,@,0
57592000,75000,100,Y,F,0
57592000,74900,200,Y,F,0
57592000,74900,200,Y,F,0
57592000,74900,200,Y,F,0
57592000,74900,100,Y,F,0
57592000,75000,100,T,@,0
57592000,75000,100,P,F,0
57592000,75000,100,P,F,0
57592000,75000,100,P,F,0
57592000,75000,100,P,F,0
57592000,75000,100,P,F,0
57592000,75000,800,P,F,0
57592000,75000,600,P,F,0
57592000,75000,300,Z,F,0
57592000,75000,100,Z,F,0
57592000,75000,100,Z,F,0
57592000,75000,100,Z,F,0
57592000,75000,100,Z,F,0
57592000,75000,100,Z,F,0
57592000,75000,100,Z,F,0
57592000,75000,100,Z,F,0
57592000,75000,300,T,F,0
57592000,75000,100,Z,F,0
57592000,74900,2830,N,F,0
57592000,74900,700,T,F,0
57592000,75000,300,Z,F,0
57592000,75000,100,J,F,0
57592000,75000,100,K,F,0
57592000,74900,700,B,F,0
57592000,74900,100,B,F,0
57592000,74900,100,B,F,0
57592000,74900,100,B,F,0
57592000,75000,800,J,F,0
57592000,75000,400,K,F,0
57592000,75000,100,K,@,0
57592000,74900,500,J,F,0
57592000,75000,100,D,@,0
57592000,75000,100,B,@,0
57592000,75000,280,B,@,0
57593000,75000,600,N,@,0
57594000,75000,100,Y,@,0
57594000,75000,700,Y,@,0
57594000,75000,100,J,@,0
57594000,75000,600,J,@,0
57594000,75000,1800,J,@,0
57594000,75000,300,J,@,0
57594000,75000,1800,J,@,0
57594000,75000,2333,J,@,0
57594000,75000,1367,J,@,0
57594000,75000,1800,J,@,0
57594000,75000,3800,J,@,0
57594000,75000,2100,J,@,0
57594000,75000,200,J,@,0
57594000,74900,290,J,F,0
57595000,75000,525,N,@,0
57595000,75000,285,N,@,0
57595000,75000,2000,Z,@,0
57596000,75000,600,N,@,0
57597000,75000,2311,J,@,0
57597000,75000,7700,J,@,0
57597000,75000,200,J,@,0
57597000,75000,700,J,@,0
57599000,75000,500,P,@,0
57600000,75000,500,P,M,0
57600000,74900,700,T,M,0
57600000,75000,100,D,@,0
57600000,75000,100,D,@,0
57662000,75000,35755,N,6,0
57784000,74800,738,T,T,0
57959000,75000,1467,D,,0
58200000,75000,267,D,,0
58343000,74900,738,Z,T,0
58703000,75000,152,D,N,0
58852000,75000,135331,D,,0
59079000,75000,1117,D,,0
